left_elbow_angle,right_elbow_angle,left_shoulder_angle,right_shoulder_angle,left_hip_angle,right_hip_angle,left_knee_angle,right_knee_angle,shoulder_width,hip_width,torso_length,elbow_symmetry,knee_symmetry,frame,timestamp
163.4674093361963,156.3377457415437,46.226584858470474,44.27459426311772,47.710316847203444,53.66732940138587,137.52985730120062,140.3346606151404,0.009024576773907106,0.04311061130414263,0.36118478627119366,7.129663594652612,2.8048033139397717,0,0.0
161.67302598603857,150.17569417059082,45.506215666066936,42.824204738872695,49.002678043310766,54.78645980858823,139.27166585610627,142.40822050679654,0.0036837277645718866,0.040627620606515834,0.36103713173327484,11.497331815447751,3.1365546506902717,1,0.017004166666666667
160.70808604962508,148.9958076519913,45.13221560524078,42.586892841021715,49.61239517545613,54.44092665321881,137.91577871232707,141.05291452295026,0.0008879312719639516,0.03921685005722098,0.3586922962708617,11.712278397633781,3.1371358106231924,2,0.034008333333333335
158.91195415326175,147.72019614433975,44.69247046069115,41.87959731740447,49.81697303159228,55.007186764509356,136.9827174864416,140.78939686911826,0.0031520877757051534,0.03848638810287333,0.3557901052857642,11.191758008921994,3.8066793826766627,3,0.051012499999999995
157.06328966782613,146.6278405343802,43.816896142568794,41.640044790875656,49.994445879048044,58.66830755263925,136.83741780978477,149.5036581266164,0.005703998693933221,0.036825830363468724,0.3561296528397997,10.435449133445928,12.666240316831619,4,0.06801666666666667
156.27600155735558,145.87096786706877,43.45533299748528,40.91678027485728,50.50805473513873,59.03389278507791,138.10651223382277,148.5332628307708,0.010320191440154884,0.03592625287477124,0.35628799462836974,10.405033690286814,10.42675059694804,5,0.08502083333333334
156.73413512788437,146.89848672809188,43.67902033836976,41.52144192100925,50.64447696174028,58.262165052232774,138.60403288799498,146.3112317415567,0.011437282519579369,0.03497376789064586,0.3549385491515983,9.83564839979249,7.707198853561721,6,0.10202499999999999
157.1209600732819,148.2669108330895,43.87733359923015,41.57101592802592,50.98278700179907,58.14366881957801,139.0615276610881,145.17462371056476,0.012544903212970382,0.034376778118252585,0.35318690770033384,8.85404924019241,6.113096049476667,7,0.11902916666666666
157.1326340489373,149.1234783542991,43.95153224392692,41.86189303868189,51.52804150705538,58.150485725319186,140.0417343173903,144.6119879353372,0.01296663012343756,0.033632861750432924,0.3519529035589781,8.009155694638196,4.570253617946889,8,0.13603333333333334
157.39674662227006,149.54405580655288,44.26695337707475,41.85546703760621,52.02549632271308,58.3573163424918,141.074901767208,144.35922321412227,0.014560176454538137,0.03354937173605825,0.3506859880688436,7.852690815717182,3.2843214469142765,9,0.1530375
157.39371661923707,148.89234412263852,44.42915255133772,41.836501827103184,52.49401184446123,58.12041629050083,142.06262955554928,143.32328253131894,0.014895639854124927,0.03469359466319547,0.350070365610127,8.501372496598549,1.2606529757696592,10,0.17004166666666667
157.2624223168832,148.5748832736102,44.44613430785451,42.00878450800396,52.76250141449054,58.15581665578134,142.68223495722276,142.7643330760698,0.015202849540513104,0.03635324778663156,0.3501353971743281,8.687539043273006,0.08209811884702845,11,0.18704583333333333
157.23715029530243,148.42742448351487,44.14794596762577,42.08677476528864,53.02546514709735,57.59569463550707,142.80072010569052,140.62109715331417,0.014838621358824407,0.037904191896514776,0.3502303036567771,8.809725811787558,2.1796229523763486,12,0.20404999999999998
156.91306654526795,147.98228417678837,43.73758938272547,42.051923389532675,53.13352017773468,57.880782649391165,142.65640791526135,140.1311472800061,0.01610695960272591,0.039111176378505856,0.35065204565192326,8.930782368479584,2.5252606352552505,13,0.22105416666666666
157.05674842309617,146.4019158637854,43.71737077402825,42.11330724660783,53.405908165631104,58.44122831239957,142.70092379227864,139.43567307644008,0.016367680073935603,0.04265927944494997,0.34940131665968865,10.654832559310762,3.2652507158385617,14,0.23805833333333332
157.22637087744388,147.65760213987087,43.68024409899017,43.262522118575205,53.8458593065327,58.8185409324534,142.95766357469955,138.4988435889311,0.016252041315240762,0.0450260869179796,0.3484627332356543,9.56876873757301,4.458819985768457,15,0.25506249999999997
156.96377895134282,146.1304705481988,43.37894532301926,41.834799701222686,54.375897834400234,59.06047965957515,143.5655600201501,138.25396856902574,0.017834572116312238,0.04269187385683814,0.34694489771412335,10.83330840314403,5.311591451124343,16,0.2720666666666667
156.70427004584104,145.63709036866098,43.00471769283821,40.881170401051065,54.79783670143894,59.35701787232006,143.87022474072057,138.2238555472604,0.02035151270492055,0.04002880790531277,0.345678432107498,11.067179677180064,5.646369193460174,17,0.28907083333333333
156.83593741946575,145.5327050454696,42.85433959559304,40.42635787282238,55.0209627143999,59.24139616488594,144.14639573437452,137.5897401438441,0.021611191470829204,0.039209290214301806,0.34520975325713554,11.303232373996138,6.556655590530426,18,0.306075
157.32197732470883,144.96753107568657,42.71126716923901,39.47781332672847,55.40151161517906,59.852510833889596,144.36442114807608,138.09296614627195,0.021915579651613278,0.039614194729260886,0.3450731113084522,12.35444624902226,6.271455001804128,19,0.32307916666666664
157.91463629695232,144.95213289519825,42.85728819636026,39.19507729753237,55.96009772265063,60.7838481392875,144.8926730733941,138.89249583243077,0.023166977850436435,0.039590547013866974,0.34313446648106205,12.962503401754077,6.000177240963325,20,0.34008333333333335
158.021235487501,145.08533958628593,43.14289460170311,39.203974968462354,56.442009912411834,61.713912349899886,145.28342708425163,139.7916347916839,0.02334291191589951,0.04013609771280331,0.34032256825698964,12.935895901215076,5.491792292567737,21,0.3570875
159.01156790692062,145.5710537520605,43.976852286871065,39.49071740079137,56.83633880566316,62.311021635793,145.35589250111252,140.28152161620147,0.020316075942771322,0.0421200809538318,0.3373936119896698,13.440514154860125,5.074370884911048,22,0.37409166666666666
160.68395682461065,146.74427298161422,44.40609240741383,39.38806714799463,57.78713945222802,62.80925968327966,145.38706024148476,141.07212338277188,0.014869381685640396,0.04233465934128457,0.3347472695878905,13.93968384299643,4.314936858712883,23,0.3910958333333333
161.63049740515294,146.73076709062025,44.55686127676859,39.27231354499278,58.85195608527118,63.61980298745556,145.53489076180776,141.91108270226778,0.012013814818420948,0.043780828828881235,0.3317153633626005,14.89973031453269,3.623808059539982,24,0.40809999999999996
162.69189795811184,146.58029205429645,44.828588676576736,38.06676979024092,59.2807958932857,64.91249043409636,145.69174215245596,143.11011638459024,0.016020698387769965,0.04321078792773716,0.3286139408868012,16.111605903815388,2.5816257678657166,25,0.42510416666666667
163.1554518519173,147.17526318252678,44.56615819448741,37.9801290822266,59.58368534875342,65.60758053621157,145.38571277399745,144.45115573373812,0.016523694753132208,0.042901039722192245,0.32734350535223045,15.980188669390515,0.9345570402593353,26,0.4421083333333333
163.7420656400304,147.71105869302687,44.37472870452714,37.724286404912164,59.57661376276252,66.39645676382673,144.22806824774318,145.3208782073412,0.017223752601117137,0.041680493228684355,0.32515491173989136,16.031006947003533,1.0928099595980143,27,0.4591125
163.57525309190046,147.4675486531833,44.03344279050601,36.819441241165876,58.91882299130805,66.61790407099164,142.15188621382484,145.23070623062276,0.01802650279829645,0.04100057989969387,0.32406754021591766,16.107704438717178,3.07882001679792,28,0.47611666666666663
164.24873933763823,150.27033027279518,43.94497481859437,37.1974852891175,59.302052708581016,66.92776330581847,141.5978212398264,145.58593774252634,0.014223511312716665,0.043228251537515965,0.3239822170016898,13.97840906484305,3.9881165026999383,29,0.49312083333333334
163.49643989075432,152.7562623570057,42.97345035407834,37.17274009009151,60.41935399367162,68.48484521249833,141.89601747704512,146.31984222397801,0.014221024660590432,0.0429353692929671,0.32161303462507074,10.740177533748607,4.423824746932894,30,0.5101249999999999
162.2084409966621,158.24467722388593,41.923563415512426,38.90610425960775,60.693328228326436,69.63880500950376,140.28027773306542,145.78464875005866,0.01566021306828563,0.04425356516997754,0.31890886230819676,3.9637637727761614,5.504371016993247,31,0.5271291666666666
160.71572606250078,158.79567118332062,41.26101158660483,38.9124878702175,60.86954154228465,69.8171509546948,138.94335008611256,144.9364692580191,0.016875267757761256,0.04295692209631671,0.3171409998106798,1.9200548791801566,5.993119171906528,32,0.5441333333333334
160.69739769381448,161.41470801457078,40.91879313658591,40.288005175864704,62.29629395066411,70.30735755649994,138.49549444452794,144.06961737497502,0.01536313395320613,0.04508174945036386,0.31745655429840836,0.7173103207562974,5.574122930447089,33,0.5611375
160.70950667609065,163.337660151436,40.938945824231006,40.829856356021985,63.19901665819049,70.8711390217399,138.34909609875265,142.7686599026474,0.016510105984248902,0.045950498979780374,0.31628841157353405,2.628153475345357,4.419563803894761,34,0.5781416666666667
158.68768507957324,161.29439033987353,40.61228798589681,40.237394682457136,64.40394764646936,71.39726522886048,139.0050768178267,140.7692360437459,0.016490676442156262,0.0452212801349017,0.31327865587287196,2.606705260300288,1.764159225919201,35,0.5951458333333333
158.73011089800067,161.55172972935426,40.55371734250352,40.36107766399379,66.85694012951251,72.0051132353098,142.15308746314997,140.94071543378567,0.01470040015190244,0.041522438994011444,0.3113840582954363,2.8216188313535895,1.2123720293643032,36,0.61215
157.42887571341907,160.8128214013961,39.10766413399432,39.41154812586161,69.72723343321763,82.18806860464878,145.6702745927416,161.64462988681882,0.012909658426290369,0.0385324807190134,0.31020361137316066,3.3839456879770182,15.974355294077213,37,0.6291541666666667
156.5724324149445,161.64202062723658,38.60207529466193,40.05114403685034,71.79807621441455,86.56164983669794,147.31068026779607,168.97697650307242,0.010683548676798767,0.03620575378986935,0.30869656507669896,5.069588212292075,21.66629623527635,38,0.6461583333333333
156.8640126647439,162.40439231844516,38.03661521910202,40.490509968941566,73.64979840893409,86.30518885626145,148.47722596525938,167.57408157504634,0.006387256143749852,0.034095979944663284,0.3073063741706943,5.540379653701251,19.096855609786957,39,0.6631625
156.7816347223694,163.8093961255472,37.4524911272442,41.097117607941136,75.00588441713029,86.81927436676648,148.37006957793346,166.85697757650425,0.003762034572200671,0.032109652128766236,0.305252274152757,7.027761403177806,18.486907998570786,40,0.6801666666666667
155.76949678515862,163.76738652848428,36.52705728298696,39.10938763231924,75.9241811742757,87.29005866412939,148.15253610375524,164.98882441551785,0.005438086155583348,0.031123947612032334,0.30382336116408615,7.997889743325658,16.836288311762615,41,0.6971708333333333
155.54277104084187,163.59598952464796,35.80107072030991,38.25872305507449,77.22801556798981,88.18007341305332,148.36671437349497,164.5717360858299,0.0027339757138534005,0.031806096597963664,0.30427856139240594,8.053218483806091,16.20502171233494,42,0.714175
156.53187637305578,164.6577908969156,35.584369241777786,38.704589055949036,79.19868395502982,79.65238464909197,150.03674229174845,143.89269123707243,0.002100801934552392,0.03668332022195078,0.3049524130035649,8.12591452385982,6.1440510546760265,43,0.7311791666666666
156.8986462146901,164.36432663639974,35.33703395097139,37.746510031448054,79.75503492703149,82.0138561789592,149.23060993655082,145.678507025922,0.003561063891331198,0.033725878930008765,0.3025831012679866,7.465680421709635,3.5521029106288324,44,0.7481833333333333
157.77195036538174,163.2508205509518,34.12091366324202,36.99605945972295,85.4909375907647,86.7241925295242,157.01100881178408,153.1101964405174,0.009544035208434724,0.02734800684944389,0.298928835461137,5.4788701855700594,3.9008123712666816,45,0.7651875
157.95600510691838,161.32112687190704,33.13490338149536,34.87775918259577,85.58856982980512,89.90879215653848,154.80310184861628,159.2577448456611,0.013137553164968799,0.024457519358487098,0.29795536929253547,3.3651217649886576,4.454642997044829,46,0.7821916666666666
157.87280692779822,156.51221671918466,32.34557466286906,32.18739469987939,86.90953303941069,94.00259431400542,155.17152278866945,166.42368644298207,0.01594441760283959,0.0222564783977456,0.2971921026057462,1.3605902086135586,11.252163654312625,47,0.7991958333333333
157.98597884900755,155.8461608524326,31.554896010368754,31.807969800339034,87.95431030565481,91.10536186779387,154.8274242116131,157.82280294856784,0.018391653082947813,0.02125286162845527,0.2976924883744189,2.1398179965749478,2.9953787369547342,48,0.8161999999999999
158.04022687133195,154.23489816543233,31.248333320285738,27.595830918340926,88.52484395167318,89.52980671201556,154.73186920125573,151.66736310348108,0.01915365110096039,0.021221881300075397,0.2973859790601803,3.805328705899626,3.064506097774654,49,0.8332041666666666
158.02374476531173,153.00579422207738,30.311265428003395,23.195117262501924,89.88673384565027,90.01003824828268,154.58699454632716,147.85124141550844,0.027492583820492533,0.011255321155455718,0.29348471472773,5.017950543234349,6.735753130818722,50,0.8502083333333333
158.77068139200725,157.1789677502328,30.397376435679885,24.297529148493606,90.04854380236162,90.14976715639546,153.9028877592707,145.43825396985042,0.025071434585778617,0.013480329900107488,0.293385360731687,1.5917136417744473,8.464633789420276,51,0.8672124999999999
158.4224606238799,148.05251627575623,30.22077975876273,18.173123125990088,91.6232699157772,94.42038988439464,155.27676032303074,151.56160056685914,0.031040345620867618,0.008841635670964408,0.29054165697857387,10.369944348123681,3.7151597561716017,52,0.8842166666666667
158.01460010066188,148.14901122513828,31.229557296201182,17.35726354603493,92.35698745409275,94.67864432810921,155.00190798140605,149.06635418668841,0.021162115997057303,0.017270929967387535,0.28404529514333837,9.8655888755236,5.9355537947176344,53,0.9012208333333334
157.55576234747554,144.98485206046357,31.54929309026587,21.785567323255556,93.9516259832269,96.50959936769021,155.4126552766255,150.0539978295231,0.013257583802328082,0.02318625686542119,0.2815936438080937,12.57091028701197,5.358657447102388,54,0.918225
157.97433836530948,144.64123139401525,31.24543592254395,20.838704540824573,95.24189345242905,98.21263938134518,155.46698679883403,150.32109675891903,0.012890263690560871,0.02419333245883547,0.27998468969136336,13.333106971294228,5.1458900399150025,55,0.9352291666666667
157.71603522687747,154.9547503177538,31.73852491119047,26.15879482075551,95.73911171000867,99.01769214240403,155.15940036144852,148.8174779133252,0.009568772366144855,0.02931854280942674,0.27654626419676365,2.761284909123674,6.341922448123313,56,0.9522333333333333
156.16793877991978,157.74797436734698,31.157582819203736,26.699199547274603,97.26218049392111,100.97787562363646,155.8611306139343,150.31651140761548,0.010791761013337375,0.030407138350231316,0.2697669987099698,1.5800355874272043,5.544619206318828,57,0.9692375
150.96947369333785,158.5775195158787,29.160747585515296,26.763616342596837,98.30977512053823,101.17821003659071,154.73926413873357,148.9023466921547,0.013089644772134056,0.028217896107067163,0.2628281819620093,7.608045822540845,5.836917446578866,58,0.9862416666666667
144.4664419882849,160.33219421711487,26.24694964852452,26.965890386753433,99.08234153657844,102.66088551516998,153.14315075170842,148.46574129878738,0.014890320902775254,0.02642386571201045,0.2585550062691167,15.865752228829962,4.67740945292104,59,1.0032458333333334
145.13103775585324,162.35380903150045,26.234333143457835,27.898038284834463,99.33395376672877,104.37669480589508,151.85905047048456,149.04197796133943,0.018438008970661685,0.02677281013957862,0.25587200953763023,17.222771275647204,2.8170725091451345,60,1.0202499999999999
145.98402400567514,142.68359410748616,24.51909739710186,18.32585473071196,101.48694046324721,107.18025616813352,150.37199427198607,149.0897368653221,0.015137717781236152,0.022221070482521237,0.2544593100852571,3.3004298981889804,1.2822574066639731,61,1.0372541666666666
147.8696264390663,145.75410956524777,24.903735508035105,19.307252776388626,103.15112376387691,108.91228942541096,149.96494564390912,151.05580806821402,0.01217883675376715,0.02193954246518729,0.251433176947069,2.1155168738185353,1.0908624243049019,62,1.0542583333333333
145.00264542124435,148.0694890952389,22.526889842316148,19.87020608745856,107.12449764034176,111.19734567060084,150.68899575041158,151.04135900737973,0.007146836815723382,0.01985789390797385,0.24805921083555552,3.066843673994555,0.35236325696814674,63,1.0712625
145.75660081007015,139.18868721910025,21.047187065442493,14.210010369558809,111.7376132006016,114.01885689139644,152.78166802306717,150.64944356423712,0.006955608966678935,0.016178071854074765,0.24606252364797798,6.5679135909699085,2.132224458830052,64,1.0882666666666667
145.06807964979282,134.08204466407707,18.47278139850942,9.993436852607745,115.2647883614033,115.51033430990691,154.55418292000633,147.61279567686185,0.005162546051041366,0.017418140735047688,0.24445685609629822,10.986034985715747,6.941387243144476,65,1.1052708333333332
139.29356811929426,139.40336225401572,16.59207759083838,11.425718483393757,117.42500120321253,118.09348814389864,154.9739385705594,145.97976486682987,0.0014975216868263926,0.023466612380886247,0.2418179754978452,0.10979413472145438,8.99417370372953,66,1.122275
135.53727101929059,136.21596547711948,13.591331217197455,9.22446189637285,120.5781820540947,118.93897235076648,155.9956916904126,142.39219800928825,0.002858313578393234,0.023059150107182107,0.24015383268358947,0.6786944578288967,13.603493681124348,67,1.1392791666666666
137.9401605501907,138.05223858869527,13.352590817507139,9.095472894383754,124.38191688951167,123.1767331391562,157.52652011687675,144.41518988204177,0.004686837523387565,0.021393804542709668,0.2379791748470151,0.11207803850456344,13.11133023483498,68,1.1562833333333333
134.59948976735086,130.53125695343397,10.131192064582638,4.413321828849352,127.7428069626807,127.58328292924665,158.5636875160683,146.38482253649232,0.0078081603522088955,0.020299874676002288,0.23728104835078095,4.068232813916893,12.178864979575991,69,1.1732875
137.15557470854813,138.87013677011961,9.886413416859645,7.387632348759041,132.16347034610152,132.5949569262563,159.13412765674764,149.69489397291366,0.0075230042799249814,0.02117796984280669,0.237974167192233,1.7145620615714847,9.439233683833976,70,1.1902916666666665
137.7897362912287,143.84728414928796,7.922542345116115,8.303347481808498,138.50926929052025,136.70839605741682,161.37829360202824,149.82728542350355,0.009032635815629724,0.014349968308805817,0.2349203028309067,6.057547858059252,11.551008178524683,71,1.2072958333333332
131.3071046942637,142.81204404160502,3.919572253661167,5.920922103501694,142.1724159519339,142.78663315220288,161.5861199978475,152.7104249274224,0.015040209394830998,0.023125362278895747,0.2377675443601838,11.50493934734132,8.87569507042511,72,1.2243
134.62840397108312,135.8414945299145,3.403122696460685,1.6080295091527803,146.42340162900442,146.6613149626887,162.71996460410077,153.66092400670118,0.016555080611423217,0.021512792650542584,0.2385093386047466,1.2130905588313965,9.059040597399587,73,1.2413041666666667
136.48049030997421,138.11005575138947,3.186371926707792,1.3774226579497828,149.56825148650574,151.57565052012293,162.95042868505885,154.98378195682326,0.018852914807573614,0.0237692539644753,0.24123349002889416,1.6295654414152523,7.966646728235588,74,1.2583083333333334
138.82661539993185,139.67559499428015,2.5289551501858156,0.6529064691446775,154.0860725107035,155.3039430461012,164.0618142496557,155.71441848648445,0.023566621521848533,0.02190623280709398,0.24278379793406626,0.8489795943482932,8.34739576317125,75,1.2753124999999998
145.6341070327738,143.39092574801776,4.5830022525721805,0.06687918748528483,158.5916898934886,161.19297770722358,166.33815846066338,158.16806157247004,0.023548845367569585,0.021875505761451985,0.2434087454420678,2.243181284756048,8.170096888193342,76,1.2923166666666666
146.68859170322094,149.77827451687637,5.238776853708114,1.1306328412851716,160.43902585226877,164.08005483734155,166.42699998338009,156.26389125890708,0.02767044589469852,0.029831654587708974,0.2456348915063393,3.089682813655429,10.163108724473005,77,1.3093208333333333
141.93778929451108,149.8643076661026,2.7932890987438386,1.907167483534807,161.53493836296917,165.4410590389005,165.514496613458,156.59349605961452,0.03655323522069469,0.03468191261495875,0.2491651085252829,7.926518371591527,8.92100055384347,78,1.326325
131.13801535266543,148.64427359975647,3.2129132637777333,3.4914258995597387,161.29903339562748,165.60851492742256,163.31556815341168,154.74170441654195,0.043443488805961515,0.04096615368343052,0.2470363963627318,17.50625824709104,8.573863736869725,79,1.3433291666666667
128.03781277435095,148.60662320640336,4.490323623855578,5.2962220763029055,160.6966655371354,165.276845370613,161.9428781880495,154.80529047038155,0.045214561637755696,0.040787409948294835,0.2444383781227369,20.568810432052402,7.137587717667941,80,1.3603333333333334
129.28332196741923,148.7074799701538,4.0425769241024,5.190625494644328,161.60105921078105,165.336892068905,161.89019550049716,154.42164292774825,0.04494422175034001,0.03733533944400994,0.24441439609660198,19.424158002734572,7.468552572748905,81,1.3773374999999999
129.82477234298636,149.4637451980377,4.5604491264529035,5.216919211110067,163.819757477701,167.16419517858637,162.7712726700629,154.97866478579195,0.041273378046720745,0.03377415936096785,0.2435539665390902,19.63897285505135,7.79260788427095,82,1.3943416666666666
128.90222649757973,149.10841009656298,5.851639638571283,5.385414550886743,166.81460806291008,168.88827005105364,164.06855845508437,155.27942879673216,0.03829557397797783,0.027185761590043295,0.24303873308260987,20.206183598983245,8.78912965835221,83,1.4113458333333333
131.00875570479806,148.40455490469128,4.818705107347969,5.202452781949707,167.40437978013512,170.71550981308596,163.41102514925566,156.25366246326018,0.038397685298719196,0.02838149575031372,0.24228147573355008,17.39579919989322,7.15736268599548,84,1.42835
133.09181145416096,149.83078437811258,3.5120027948980304,5.311853252402318,167.7201549396307,172.58311325287553,162.52895347942507,156.3301675807842,0.03968328288532459,0.033093148467841706,0.24250442675448944,16.73897292395162,6.198785898640864,85,1.4453541666666667
135.60450209502068,149.59277669406336,2.4758240640211815,5.138500105294816,168.48661533635618,174.4520796042772,162.2912684666152,157.74032041284445,0.04201972490340314,0.03608178390298566,0.24347324191402542,13.988274599042683,4.550948053770753,86,1.4623583333333332
136.5342821862381,150.43420330526604,2.67625038305652,5.43099472681545,169.8352660910075,175.46036362805933,162.22127851624057,157.6708309884799,0.04091564655747453,0.03407939799450787,0.2437805734011396,13.899921119027937,4.550447527760667,87,1.4793625
137.46395901813523,150.4592895363091,2.5903325823788688,5.185676316707062,170.09545310200733,176.1545218918226,161.81640787906565,157.79441260357777,0.04137258658022328,0.03441891213877011,0.2439020926710631,12.995330518173859,4.021995275487882,88,1.4963666666666666
137.9340660926379,150.82711636094305,2.7469828278945743,5.087280614489967,171.2173118549189,176.82472428077165,162.40720576425664,158.08346032053564,0.040773157925663786,0.03321143001721734,0.24433248281265585,12.89305026830516,4.323745443721009,89,1.5133708333333333
139.78394635607154,152.38548342146404,1.6790059433143207,5.4151326406169495,172.12063389125336,177.46874743288654,162.2570432358037,158.13618768334047,0.04070390293063309,0.03131376301762869,0.2450954336839866,12.601537065392506,4.12085555246324,90,1.530375
141.33750229972867,152.25238356812125,0.8144591844919784,4.932908931642221,173.03970276663847,178.31179155919043,162.24494438174543,158.33961442597553,0.03995731729962383,0.029450635032801098,0.2456549648823361,10.914881268392577,3.9053299557699006,91,1.5473791666666665
142.1869281054808,152.15753212374378,0.631003310627291,4.59231315714405,173.59990382752744,179.02635540554354,162.29581707123765,158.5156595583808,0.039419626117796265,0.028682776463262193,0.24608411220104728,9.970604018262975,3.780157512856846,92,1.5643833333333332
143.71766233036587,151.76182201269964,0.13184579742899774,4.220697423078058,174.30520472294728,179.54669548861202,162.8434615392856,158.38174333660058,0.038070873029963585,0.027074355615920184,0.24624326668815885,8.04415968233377,4.461718202685034,93,1.5813875
143.9853501143576,151.01651437130602,0.22528115452516573,3.648681679217887,174.7773187468743,179.99646248845994,163.08167134438096,158.54087471442574,0.03705413065560947,0.026097982691752772,0.24609740689827414,7.031164256948415,4.540796629955224,94,1.5983916666666667
143.89165290934275,149.95610134381207,0.14522077083132787,2.880548041052555,175.08784836541045,179.55881892346855,163.13069125481866,158.68539048212685,0.03724359446357059,0.026631172428909007,0.24590081182115267,6.064448434469313,4.445300772691809,95,1.6153958333333334
143.24479599429063,149.01932131133466,0.2602712509059178,2.154370444343624,175.57767712534863,178.47625556697548,162.9179644105918,159.14840499011828,0.03791748797528986,0.02854242104061994,0.24580543684754794,5.774525317044038,3.769559420473513,96,1.6323999999999999
141.35346267337064,148.18346708993053,1.3922839234738833,1.5067688660225746,175.8970130671951,177.83461789855173,162.11602972989053,159.6065980013812,0.03860730039553629,0.029500805076238548,0.24585003463068622,6.830004416559888,2.509431728509327,97,1.6494041666666666
141.76607753951876,146.89567295179924,1.0343699353596552,0.8971195277862081,175.96102837125216,177.72122314433366,161.5828829118647,159.76977618596845,0.039001136718819475,0.029331611838827196,0.24628413136516564,5.12959541228048,1.8131067258962332,98,1.6664083333333333
141.69039137328062,146.12820794763374,0.888923564244254,0.5980546714755526,175.90131671122376,177.67262324407338,160.41448630028253,159.5819412391947,0.03943726522868806,0.029294784853562114,0.24682326663032933,4.437816574353121,0.832545061087842,99,1.6834125
139.84144205952524,145.12165060630412,2.62785338682313,0.17804584544455615,175.9762484490751,177.40592938187447,159.4250046316553,159.28138787801095,0.0405925588600044,0.029792833328268535,0.24698922077232505,5.28020854677888,0.143616753644352,100,1.7004166666666667
136.8123286856488,144.3630587131071,4.516716097326147,0.1200719188326617,175.99150961219405,177.2987568001412,158.87116024388467,158.7604800982924,0.040905336801496,0.030091510775694795,0.24693558740319835,7.5507300274583145,0.11068014559228345,101,1.7174208333333332
136.11720733710288,143.83507821560028,5.165526702558133,0.4008173466235279,175.70351266533842,177.34331562000523,158.20733817123357,158.6315467496168,0.041160388869380504,0.030188387746558947,0.24696890483289552,7.7178708784973935,0.42420857838322945,102,1.7344249999999999
136.12603075011197,142.87296209972752,5.203408098402847,0.9182152342566908,175.36968843853376,177.38022495259256,157.58852840449282,158.56993827475134,0.04112912116743768,0.03017006987033556,0.24713858458092558,6.746931349615551,0.981409870258517,103,1.7514291666666666
136.35972872136256,142.33714130428535,5.046465850957274,1.2973674687903425,174.95668719407013,177.5192668547969,157.13716817915545,158.56246251630043,0.04012935436733885,0.030296754667997968,0.2470433568683675,5.9774125829227955,1.425294337144976,104,1.7684333333333333
136.5649707872707,142.10616588994097,4.887364365187686,1.4003399344806986,174.66874562342886,177.55695199175597,156.87093143135564,158.95646952378416,0.0392836845711726,0.029996248842258436,0.24707211327329046,5.541195102670258,2.0855380924285214,105,1.7854375
136.9931452489719,142.0094356517868,4.523010237137735,1.4320856141614198,174.00300909732775,177.58178743436127,156.46972046410085,159.262616943802,0.039499211552514145,0.031001797527092607,0.2471741896469514,5.016290402814889,2.7928964797011417,106,1.8024416666666667
137.4489632374258,142.96488143012715,4.368749475564943,0.8368894557086536,173.46675423371556,177.81261516352978,156.1296774420043,159.28358146413987,0.03974182769947053,0.03187137749960317,0.24729692411203974,5.515918192701349,3.1539040221355776,107,1.8194458333333332
136.8913991643748,145.16226802727388,4.105189177176127,0.7288801169456032,171.17371671154572,178.52693761954632,154.80975589154113,159.2773876156172,0.04109842196501331,0.036206652101675715,0.2470562464654045,8.270868862899079,4.467631724076057,108,1.83645
135.2964946525125,145.72857876778832,5.006990756944535,1.1057168968221502,170.23919188305575,178.68078585019472,154.39302299448102,159.46413658533478,0.041355798264192806,0.03792120482105423,0.2470647211492038,10.432084115275813,5.07111359085377,109,1.8534541666666666
128.89368755614817,145.99348969180326,8.356568755291988,1.3216642412111896,169.33048292650506,179.0422519507417,153.9633980596317,159.40970442257236,0.041606352500105255,0.039204907323534224,0.24744107294574477,17.099802135655096,5.446306362940675,110,1.8704583333333333
126.89813735076325,144.92752730401236,9.36982515424573,0.9138604247079806,168.79495632038564,179.99516967368018,153.71897573928138,158.92354625179755,0.04131243231636241,0.03858694113250114,0.24767997046721743,18.029389953249108,5.20457051251617,111,1.8874625
126.26479860010735,144.8773407461615,9.593748784652444,0.987300012191168,168.2086352600515,179.254138367437,153.46273098013427,158.58465508433673,0.04135256667528397,0.03861877076668305,0.24773280123270763,18.612542146054153,5.1219241042024635,112,1.9044666666666665
125.73975200699056,144.35472093492712,9.482250793808626,0.9251602589982826,167.62936667735923,178.57483782629035,153.19866998344,158.2314122066355,0.040792864479324176,0.03885361414919654,0.24719785579665685,18.61496892793656,5.032742223195498,113,1.9214708333333332
125.33795577423919,144.7101962014638,9.432878136406057,1.2405967929261514,166.99216200907549,178.0399862682423,153.25220127431965,158.18255468456172,0.03990042742726962,0.039086656265386405,0.24654050099529798,19.372240427224597,4.930353410242077,114,1.938475
128.18374803374735,144.77409053029382,7.161523244980257,1.6746762778661206,165.724662786072,177.04111888323087,153.17628207030526,158.10973744103683,0.03857321023807012,0.03927931685415173,0.2462030421381497,16.59034249654647,4.933455370731565,115,1.9554791666666667
131.06357514977304,146.53299327460493,4.817660458786898,3.0058580746736223,164.42627389342405,175.71059499494194,153.64369650334478,158.09505255774127,0.03833740166587315,0.04089484241776493,0.24515394266692894,15.46941812483189,4.451356054396484,116,1.9724833333333334
134.27212150698176,150.2826341206816,2.2848011133557065,5.541507825801918,162.5707002178912,174.41324797209717,153.70772998722526,159.03580755486863,0.03821776692554919,0.041775375832587947,0.24471747831413668,16.01051261369983,5.328077567643362,117,1.9894874999999999
134.72501307168164,153.3510504344163,1.8929943775342106,7.528106892043373,161.13006918889218,173.05486575204984,154.87100151344404,159.1330773309051,0.03845890240614747,0.04305982155019887,0.2440880048619137,18.62603736273465,4.262075817461067,118,2.006491666666667
136.9854846811184,154.13358006960297,0.3032319377077173,8.206941084736886,160.04386749588173,171.810006176949,155.94923418769642,160.54028822842048,0.03626966661693884,0.04118628749361514,0.24295674702432965,17.148095388484563,4.59105404072406,119,2.023495833333333
136.18676310617428,158.0594295673333,0.961375418868933,10.200788330609118,158.36426891315145,170.68331632097403,156.0401387840588,160.2835289755494,0.03500999530591274,0.042778816037121706,0.2424971728002525,21.872666461159014,4.24339019149059,120,2.0404999999999998
136.67979294342237,157.13351383057116,2.537095543357447,10.759006661446605,156.2262684494931,168.36219493949855,155.4790760250372,159.7748367924034,0.03339260061192249,0.042277551664845536,0.24064322975572175,20.45372088714879,4.295760767366204,121,2.0575041666666665
136.78391983325753,155.07221505576237,3.06264628528244,10.343119066886846,154.418332340302,166.5362887522207,155.17552715262417,158.78390847209747,0.03079568274626692,0.04199326185492983,0.239930056882917,18.288295222504843,3.6083813194732954,122,2.074508333333333
135.2813124677127,151.79260396124155,2.5870393496419903,9.636915544188199,152.1356518844801,163.2406538791397,154.6528000476006,157.2629546695722,0.027820847567735476,0.03881526266914119,0.24056036987537704,16.51129149352886,2.6101546219715885,123,2.0915125
132.51837384839527,150.47430471790113,3.0365352381377244,8.904359732933042,149.19450233086877,162.2070566534317,153.95925479415544,157.4333031385851,0.0265783832124709,0.0431345721842395,0.24062543856585786,17.955930869505863,3.4740483444296615,124,2.1085166666666666
139.562463584304,132.8071822794464,7.376915987202458,0.31957773478030416,147.91527925797683,157.64079347616618,154.7174616552299,155.345578055662,0.019521912628732145,0.034863321327386315,0.24151228245059575,6.75528130485759,0.6281164004321056,125,2.1255208333333333
136.49711657412254,127.19569854172377,7.172519713182491,1.9621528730290074,145.8964693379582,157.05542420860675,154.2283619370222,155.6923496344529,0.01616694403987267,0.03622137689747385,0.24130304735052543,9.301418032398772,1.4639876974306958,126,2.142525
136.73577772270832,126.57017452583963,8.391432270891443,2.0356996458704337,144.38636996921093,155.96682268302976,155.1266398676867,155.82709818458082,0.012025465218602866,0.03582023414349351,0.24117266335272644,10.165603196868688,0.7004583168941281,127,2.1595291666666667
137.79493923114362,129.59061900480754,10.1987467213229,0.05672358122316565,141.79802678323654,154.3363993094934,154.22063736925088,156.11805564006934,0.01010977951551988,0.03489793157567087,0.24083173501272712,8.20432022633608,1.8974182708184628,128,2.1765333333333334
139.02892480396605,125.50608827527455,12.107609252646581,1.3025362385196149,139.2055251362026,151.91588266884048,154.05525679717408,156.17123705546982,0.007209394366086247,0.03364240415977288,0.24128584244654933,13.5228365286915,2.1159802582957354,129,2.1935375
143.6665153396441,147.2489652060427,15.624926138768295,9.602458745716032,136.83781782029232,149.53170883923073,154.70842037513427,155.71960371665847,0.008338871859143613,0.03752713230204707,0.24026634250467885,3.582449866398605,1.0111833415242018,130,2.2105416666666664
144.48449487836155,150.5191548401444,16.478788656771396,11.683582664847352,136.06366981648716,148.02201309105732,156.84128718633607,157.3323578410843,0.0054885886695582795,0.03467275808857809,0.2391316408743485,6.0346599617828645,0.49107065474822775,131,2.227545833333333
146.71001813327655,162.53608226404572,19.1602270796333,17.997059018570493,132.78717963743316,144.1865469995531,157.56056795311784,157.02771196063293,0.008712234560661931,0.039293887140118965,0.23935734515283522,15.826064130769169,0.5328559924849117,132,2.24455
149.92417951051823,153.59145337295385,21.193078955154153,15.665260668144976,130.42391237351336,138.8134095892325,158.5283494853536,154.35022455759983,0.005831287753073829,0.03562140606368278,0.24396711913124935,3.6672738624356214,4.178124927753771,133,2.2615541666666665
149.32454217761577,154.5372603657606,21.1727916597254,16.85514595090062,128.006041174294,134.4966428837718,158.43113462048493,152.3679908873725,0.004015762673562282,0.03277997326625552,0.2476218476768795,5.212718188144834,6.063143733112412,134,2.2785583333333332
147.2180631670368,160.8677431736655,20.911747822411915,20.663167119531415,126.13868227350551,131.65350612022488,159.79571313845824,152.56209422570552,0.004673551598223457,0.03294083474028199,0.24920706188506644,13.6496800066287,7.233618912752718,135,2.2955625
146.67450650051669,166.1591902876819,22.551205272532115,23.092248886196455,122.42138155253971,127.8996721207819,159.68621278619096,153.55507247677056,0.02243560839664697,0.04556201033503343,0.2537624232669738,19.48468378716521,6.1311403094204024,136,2.3125666666666667
146.4222051028201,169.1374221146136,22.51565426131914,25.169904295683214,120.2131133046077,124.91114548246273,159.45772765371868,151.64415252956059,0.02086053636059185,0.04638635439699755,0.25890244917844324,22.7152170117935,7.813575124158092,137,2.3295708333333334
146.03181249288153,172.46651713590268,22.80726208529787,27.500745245610513,117.15966137101628,123.06613115814514,159.30742960389608,152.06101143081978,0.01709955164431517,0.04899372081612156,0.26674601168396234,26.43470464302115,7.246418173076307,138,2.346575
144.812559444976,171.82292493326892,21.617999747854967,27.627717325555434,115.3878087260533,121.19281539680026,159.93270617993866,151.74226782788705,0.009292902975783585,0.04521922394723752,0.2714324740658436,27.010365488292933,8.190438352051615,139,2.363579166666667
145.22350157271808,172.1222169633383,22.240773444848802,28.276326100410778,112.25353616004381,118.19605981548318,158.05065249087824,152.3656104579957,0.01047222683549991,0.047174225579794275,0.2731092203130292,26.898715390620225,5.685042032882535,140,2.380583333333333
146.32984044278405,174.590297090044,23.051087151275535,30.365366497414463,109.97022166014071,116.51566132371227,157.7160643071029,153.52926262216545,0.006221682033071177,0.043982566393383105,0.2727799243699211,28.260456647259957,4.18680168493745,141,2.3975874999999998
151.29389018043668,174.97959281556578,25.251834817231835,31.127551110289925,107.61724598191901,113.7863674283974,157.01111388004222,153.3868583973525,0.006311065573902254,0.04256885362252859,0.2778794578396006,23.685702635129104,3.624255482689705,142,2.4145916666666665
150.62011823402142,176.93563051675292,25.84665384425032,32.70160454533419,105.32076071276762,109.57929859842176,157.92207880910553,152.48481204939037,0.007478916877673086,0.04319053079289651,0.28145360700437666,26.315512282731504,5.437266759715158,143,2.431595833333333
149.12925893853426,176.48599031441552,26.347083327168438,32.61328738003903,102.26224315189796,107.26245138676163,157.2455357207453,152.37647171031293,0.009947039850102798,0.04866197680022693,0.2861310321163486,27.356731375881253,4.869064010432368,144,2.4486
152.5096469488109,176.77342248040023,28.93112793047152,33.527614565929944,98.75232772560469,104.62766183657581,155.96307916387983,151.60638731190943,0.008272245581219338,0.051254707011117215,0.2912836917874396,24.263775531589317,4.356691851970396,145,2.4656041666666666
153.41735573453926,169.42540119229776,30.585973744160317,31.79502921615964,95.6852965211122,101.77890506615961,154.5884141419449,150.8817365060721,0.008114042245493518,0.05221858720838534,0.29638405364006076,16.0080454577585,3.7066776358728077,146,2.4826083333333333
153.43493938553323,170.04504644884926,31.3289803101287,32.53653334973898,93.93769079652037,99.67686452000675,153.28365973084456,149.82913799274618,0.012034532453300932,0.053743145504412455,0.29755725577352193,16.610107063316036,3.4545217380983786,147,2.4996125
154.31659750579837,169.75029399023967,31.84347469881435,32.638043237731985,92.13527527632021,97.76077414744879,152.22660841779782,149.070952171891,0.009628583146514729,0.05311057763710122,0.30167715417245755,15.433696484441299,3.155656245906812,148,2.5166166666666667
153.04616152166906,174.8011873012767,31.769163085113828,35.44322470579779,90.46274355365006,96.11276673290729,151.81243618537692,149.43105866309867,0.015390693781746722,0.05784020700707592,0.30532738647136776,21.75502577960765,2.3813775222782567,149,2.5336208333333334
153.4142570978557,174.6188124256357,32.42125147186785,36.35073339043664,89.43966979135132,94.83891371461749,152.90203882094067,149.5693344929732,0.021666519701824212,0.06319933521208003,0.30751389497946313,21.204555327779985,3.3327043279674626,150,2.5506249999999997
153.89303842281265,173.04333286167318,34.03644656781524,36.63152929063547,87.51897468785802,92.50022625308986,152.8184464295524,148.24688451308992,0.022844580149027793,0.0630899589629746,0.30595764059323066,19.150294438860527,4.571561916462485,151,2.5676291666666664
153.95989023259023,173.4694081637692,34.74263844997024,39.05777262469223,86.65884683248856,90.63801507412512,153.63574752754295,149.49952791601442,0.02476713791471509,0.06099699634282839,0.30691288981560755,19.509517931178976,4.1362196115285315,152,2.584633333333333
153.35505155765713,174.56995424515029,35.53872990361004,40.39125822848636,86.86117138773358,88.96708084990206,157.08586861211774,149.5112153409337,0.02556863469998139,0.060269215174749806,0.30524192025225044,21.21490268749315,7.574653271184047,153,2.6016375
155.51811953246457,174.75351345746415,36.23638438841355,42.53704695518734,85.33091551753517,85.3942154246929,156.3758752463667,148.11147789191835,0.01776990233638169,0.04966707354427794,0.31139935390475965,19.235393924999585,8.264397354448334,154,2.6186416666666665
156.88757290919096,173.5098809521162,36.5399291712666,43.03615142699329,84.31231001161245,83.82361195931304,155.9834963810092,147.03009017801173,0.015290501323849692,0.04810417918552921,0.3139326264555298,16.622308042925226,8.953406202997456,155,2.6356458333333332
157.27266634262512,172.80033626318948,38.34258881626204,43.33379904080479,81.4304304287574,83.06505225578564,154.6193814127838,147.12646611807898,0.017139004750389496,0.05050919834738334,0.31092538393077923,15.527669920564364,7.492915294704829,156,2.65265
155.92636659479834,171.63192445333306,37.30008067298939,43.11400175966006,79.83787139624366,84.9537797981107,153.01626152607597,153.35283986417505,0.01421082074496665,0.051539322614865324,0.3164274153890622,15.705557858534718,0.33657833809908766,157,2.6696541666666667
155.38905462676556,170.86652369442547,36.97541144616826,44.59060510667545,78.33536924772045,83.06078649684491,151.21373675316894,152.20946409392062,0.013431656432618653,0.05074778056657558,0.3195691695330751,15.47746906765991,0.9957273407516709,158,2.6866583333333334
155.4246736720735,169.3912430891162,36.92063726241682,44.036250654391424,77.3959410159676,81.96964124469577,150.80555512235594,151.52303492899375,0.010554303732161856,0.04908772204924606,0.3247136273814936,13.966569417042678,0.7174798066378116,159,2.7036625
155.4900493798796,166.49973174565082,37.07570079463765,42.56338855653625,76.45112663298215,80.53314633866779,150.8992695516868,150.9735321630751,0.008650416000101364,0.04481354461123548,0.32837819543929725,11.009682365771226,0.07426261138829204,160,2.720666666666667
157.5544156660237,166.7458015511158,38.13220553849741,41.146474361192254,75.72765212669418,79.84394711108803,151.30175327570768,150.85098947968874,0.008568452895849392,0.04493395861955523,0.3297071828983913,9.191385885092103,0.450763796018947,161,2.737670833333333
160.02706755569395,166.3016346514662,39.22475716719851,40.12470282214867,74.80042929994778,78.43367218696329,151.14399317687923,149.16333859599138,0.007945712011784447,0.04473718496011812,0.33282700648983793,6.274567095772255,1.9806545808878582,162,2.7546749999999998
162.1795245976348,166.52390906706208,40.15912345244162,41.20932873556606,73.79937477605449,77.08602319631058,150.9416621967343,148.8637849256269,0.012027032443429278,0.043529053986736156,0.33705695030624305,4.344384469427268,2.077877271107411,163,2.7716791666666665
161.441282663606,165.8949009433613,40.22746307304811,40.81053851439616,71.9705245110975,75.15399780323156,149.7011306666378,147.66947917925765,0.012346168245284261,0.04074698391987136,0.3375281026192523,4.453618279755318,2.0316514873801452,164,2.788683333333333
162.59698768162593,166.15297779385375,41.45208637096589,41.205727508040574,70.78237544664199,74.70723743865557,149.14565889317709,147.73013753624048,0.00943757328092024,0.04088887371482767,0.33574736538171873,3.5559901122278177,1.4155213569366083,165,2.8056875
166.00337522155712,167.4603861142169,43.43910005440234,41.73914835518422,69.49568256395975,74.5834438164635,149.2367310788597,149.37116992493907,0.008057327618361447,0.03981992195082503,0.33402616356219866,1.4570108926597811,0.13443884607937662,166,2.8226916666666666
167.4375677273192,169.05717787028752,44.69167212609518,41.64479647153148,67.47136565947676,78.04774839584024,148.15741602171548,159.95314585193648,0.00917114382515072,0.03714691253619692,0.33312721553550173,1.6196101429683267,11.795729830221006,167,2.8396958333333333
168.39602295602793,161.31660447847474,45.6090078405596,39.58644581903034,65.20998747217124,76.60611207438177,145.70529723338507,163.59697426218608,0.013303714486900263,0.025983608619774008,0.3350509674861713,7.07941847755319,17.891677028801013,168,2.8567
170.83827104268386,162.2977347613999,47.38574285438816,41.2275529847634,62.2898898634902,75.92615595821684,142.47329422334016,164.86469005247838,0.016886673267667837,0.022470259144901195,0.3357073873495919,8.540536281283948,22.39139582913822,169,2.8737041666666667
171.13458391302186,157.84664006107857,47.960904106897715,39.585235173838264,60.13465434273871,68.47251916146308,140.1918203115515,150.30204009425913,0.017373998283268233,0.0260468143570769,0.3392253489594442,13.287943851943282,10.110219782707617,170,2.8907083333333334
171.87713495872188,156.0266382518515,48.7385934023601,38.52308572945637,56.67363022285099,63.51610093156427,137.00216091640254,141.23800104539527,0.012741957785117103,0.03267245808390373,0.34384275665318087,15.850496706870388,4.23584012899272,171,2.9077124999999997
170.9985479744834,154.40137942027607,48.31602461938332,37.737311016515115,54.85521719457125,62.64996452391824,137.65256460368863,141.23811584097956,0.013361172483694561,0.03644431890168108,0.3465690893412122,16.597168554207315,3.585551237290929,172,2.9247166666666664
174.07494287447454,154.90929084523316,50.57976732112034,38.909036088805806,53.035741362518365,62.233636534186076,137.1728381274295,141.22925194126418,0.017676887480604662,0.04036316595147447,0.34418429356004177,19.165652029241386,4.056413813834695,173,2.941720833333333
178.13365981474215,160.27090163400774,52.00486148328501,42.10232538634248,52.82081265834512,61.09183254833778,137.08073902391865,140.64081022695646,0.013849160375086645,0.042295310640166166,0.34544723352853834,17.862758180734403,3.5600712030378077,174,2.958725
179.10254289037178,159.59529374167064,52.59852051650888,42.14369170355831,52.50225725072437,60.03731686888125,136.8811810594959,139.90177948557707,0.011549453995037621,0.04213284475497695,0.34805902034569086,19.507249148701135,3.0205984260811647,175,2.9757291666666665
178.6486257059999,158.86875066354298,52.9217792322902,42.353095688973525,51.80752077154216,59.36942703429912,137.2484122792729,139.58389684557335,0.01252318747085333,0.04077638880156816,0.35000994086916676,19.779875042456922,2.335484566300437,176,2.9927333333333332
177.84884526338635,159.0187454198909,53.04861637470942,42.862430662342454,50.86133914439637,57.690251022464565,136.84336827960487,137.36275158883416,0.014940550191581707,0.0377853150623203,0.35195373711653183,18.830099843495447,0.5193833092292834,177,3.0097375
176.85991506804834,159.3972158284559,52.15824218048715,43.4294054936911,51.46882084330633,56.19275371087633,138.4372548109915,136.95403465256058,0.011448591674940445,0.03197061844858976,0.3534652407318868,17.46269923959244,1.4832201584309246,178,3.0267416666666667
175.00422639453924,158.66158829884694,51.122954968343244,43.12262527899537,52.24171751312744,56.30289996154187,141.12807594688766,139.71053419052066,0.009534796748472858,0.028996614221715532,0.35481394492407203,16.34263809569231,1.417541756367001,179,3.0437458333333334
173.94801925490145,157.03548340354678,50.20544503484311,42.45552534941258,52.498443629173394,56.74693910536348,142.00684008438677,144.0556350487073,0.009458400187078579,0.02426774590064541,0.35612840282046776,16.912535851354676,2.0487949643205354,180,3.06075
172.3729833939925,158.06909048725754,49.519273741843826,42.5477022696352,52.14295531179447,55.78347267241707,142.346026300719,144.46464961958335,0.00840928039302933,0.021984396742217548,0.3568161133413088,14.303892906734973,2.1186233188643655,181,3.0777541666666663
171.16851626265586,157.0126297869737,49.3313352377492,42.0285080587897,52.170285239629884,55.80245084751664,143.14197686772835,146.659088605651,0.008230415091524031,0.020484881833224475,0.3573694403136801,14.155886475682166,3.5171117379226473,182,3.094758333333333
169.60488027166954,155.38902952299816,48.39984865980502,40.95738951488292,51.6810380799366,54.70354664143219,142.73297136604398,145.83656768927602,0.010486574847045928,0.017261085471630185,0.3580989958173008,14.215850748671386,3.10359632323204,183,3.1117624999999998
168.2811761895581,155.99382000509542,47.89935293356997,41.929930120885594,51.50628804157757,54.19915129301607,142.17419009325533,146.17601713414115,0.008522959708669503,0.018539588912220205,0.3587221683773333,12.28735618446268,4.001827040885814,184,3.1287666666666665
167.39881942169148,157.753145609331,47.558872560932,43.097985919025355,51.16997696404397,53.71145484273087,142.01602890839365,146.15022800998602,0.008364621752732577,0.01962360092142483,0.36008454839713977,9.645673812360485,4.1341991015923725,185,3.145770833333333
167.7249709894749,158.27216460617305,47.52820217615816,42.595739702732544,51.03972972057059,53.90558143993368,142.95184234244738,147.24955041284468,0.00912539468210356,0.0205130268804006,0.36123482568685944,9.452806383301862,4.297708070397306,186,3.162775
168.00069543655883,159.52130485704214,47.6296568578387,43.34006926486471,50.83094739324327,53.93809939634057,143.86455755155856,148.26426292574837,0.008002043978277426,0.021655195523929253,0.36153196524980674,8.47939057951669,4.399705374189807,187,3.1797791666666666
167.775914449261,157.9722186223748,47.770725251381016,43.692226824231525,50.48023155033129,53.87509485083122,143.67364906016945,148.26913842540426,0.007362747971188669,0.022373582947851252,0.3615468800706373,9.803695826886184,4.595489365234812,188,3.1967833333333333
167.54596033638623,157.5701179788557,47.864416210565416,43.817955764541765,49.95749368748972,53.73333606373984,143.12881065955267,147.85358192984745,0.006972045724711248,0.023653044925611242,0.3622960206490714,9.975842357530524,4.724771270294781,189,3.2137875
167.3029444975878,155.79420980081971,47.83968969201015,43.66386238570874,49.541161715134265,53.422352694396174,142.546476224244,147.40006936441105,0.006978945974481357,0.02459873482793053,0.36329107713167014,11.508734696768073,4.85359314016705,190,3.2307916666666667
167.81232451195748,156.3353285537575,48.22538204871024,44.404187477012655,48.937299361832004,52.25266670314669,141.4984071193852,144.81685924350873,0.0060651385131906925,0.02630117487699173,0.3643894520359853,11.476995958199979,3.3184521241235245,191,3.2477958333333334
168.01317997637074,155.51005133280768,48.25032466909271,44.48488251274939,48.35580301562519,51.00297740841907,140.53573472275767,142.46075398722127,0.00578529381755288,0.027863539611367436,0.36568369644512727,12.503128643563059,1.9250192644636002,192,3.2647999999999997
168.17640015540672,155.15554398856997,48.289127704516616,44.63826091233862,48.16731916649341,50.6238722719187,140.4106736362325,143.01601644336543,0.005268564818124192,0.02870214156562527,0.3662714208599506,13.02085616683675,2.605342807132928,193,3.2818041666666664
168.37675300772997,154.71853577824237,48.41693674472333,44.595704521359046,47.939130561489975,50.36631412131196,140.25886979478204,143.2650507107547,0.0036950705485017904,0.03026490819996501,0.36652451153966614,13.658217229487605,3.0061809159726636,194,3.298808333333333
168.47445515523864,153.59992454469096,48.546713244709956,44.65108235584613,47.73334139789048,50.05715073186955,140.1763456776609,143.41971579744168,0.002319419163962657,0.0319454764834415,0.3667395023512667,14.87453061054768,3.243370119780792,195,3.3158125
168.54404431344008,152.30467330241734,48.67972892716883,44.61540687699761,47.451268286519685,49.36042253359323,139.93035845395397,142.74991581145153,0.0017390747792405516,0.03272892927090625,0.36686373075660017,16.23937101102274,2.8195573574975583,196,3.3328166666666665
168.47039340529747,152.1576167289498,48.831190548470424,44.79176655542438,47.373414676648444,49.386726495041415,139.9088304620911,142.75623875066782,0.0014383818925801433,0.03280879504810229,0.3664170275403683,16.31277667634768,2.8474082885767302,197,3.3498208333333332
168.61763494074583,152.52712648267092,49.09228036384416,44.99973459088062,47.213211594542805,49.434285633459396,139.7611812034986,142.75692945325082,0.0006449580458072804,0.03292906064501179,0.36547075909292565,16.090508458074908,2.9957482497522108,198,3.366825
168.86664823838925,153.30423329976747,49.444200238467666,45.2051767197562,46.98099316489244,49.470430519456556,139.52989829916135,142.72023907954258,0.0011386654245621039,0.033219189815068564,0.3642612165554513,15.562414938621771,3.1903407803812343,199,3.3838291666666667
169.0140377981033,153.64992936107927,49.69805906125097,45.23433583239341,46.66831227754666,49.35221137927036,139.0568846538192,142.28698150044625,0.0023529346278911628,0.03333547279484287,0.36322162411474557,15.364108437024015,3.230096846627049,200,3.4008333333333334
169.04323738772536,153.8520158139467,49.97923695341003,45.25491026154986,46.355484197848156,49.08876125292411,138.45730758982313,141.44684226036267,0.003848024413610414,0.03374538210628909,0.36173125387019966,15.191221573778648,2.989534670539541,201,3.4178375
169.04327307116677,154.07067042787924,50.23026459231715,45.25623089490542,46.104424025868056,48.8425006475491,137.87620229437817,140.70579105498976,0.005241295478509881,0.03398801745944255,0.3602587156191314,14.97260264328753,2.8295887606115855,202,3.4348416666666663
168.99902906376883,154.1206585729798,50.41444042369906,45.22745065008162,45.74545185571532,48.59396845766223,137.05148247242414,139.94061695774403,0.00655256883769238,0.034237917056145345,0.3590923698235007,14.878370490789024,2.889134485319886,203,3.451845833333333
169.08216617940863,154.56940902793903,50.564635556313235,45.33425039965977,45.58877012088687,48.54323482817455,136.75422174074401,139.59879453450515,0.007402506756024322,0.034366796714377174,0.3584137046930106,14.5127571514696,2.844572793761131,204,3.4688499999999998
169.16437900848078,154.93025279610458,50.70731495362822,45.38686794085636,45.383827790258884,48.51968846426106,136.3251573426764,139.3345307329043,0.008208871442808949,0.034610251083455654,0.35781718366527593,14.234126212376196,3.009373390227921,205,3.4858541666666665
169.42688372109174,155.58818838626087,50.968920747702995,45.56071537043344,45.1631911020749,48.35476172634403,135.96467416470975,138.77525407240802,0.009365355066548984,0.03485181186435937,0.35706703974634235,13.838695334830874,2.810579907698269,206,3.502858333333333
169.72776208465606,156.41309186651097,51.21476106044035,45.8393180511846,44.96903062299103,48.17516106429133,135.6557984089462,138.19258244079202,0.010241337616596406,0.035075062970082733,0.3565495162940786,13.314670218145096,2.5367840318458263,207,3.5198625
