frame,person_confidence,roi_coords,feature_1,feature_2,feature_3,feature_4,feature_5,feature_6,feature_7,feature_8,feature_9,feature_10,feature_11,feature_12,feature_13
1,0.9282253980636597,"(22, 89, 192, 403)",129.15882028506857,134.11519493619036,30.0635683392283,38.776994981312924,41.443185807787216,39.05843245341414,92.73484587617058,74.21929396365186,0.025263585944539608,0.007857537032103033,0.40437206062417047,4.956374651121791,18.515551912518717
2,0.9286737442016602,"(22, 89, 192, 403)",132.5834304349672,128.8803803007707,32.121009485627056,38.49995230629108,41.691766665461856,39.910508882284226,87.678746211236,73.7055104814141,0.02615031507160325,0.017423613923918304,0.40841072619274144,3.703050134196502,13.973235729821909
3,0.9289681911468506,"(22, 89, 192, 403)",130.19148751059817,127.12140416567371,33.186584180290204,38.33952600790331,41.849655424653484,40.318205266733344,85.96126446437604,73.50203210123975,0.02714793866793074,0.0228847186612881,0.41023640220204866,3.0700833449244556,12.459232363136294
4,0.9293155670166016,"(22, 89, 192, 403)",132.60354751327907,126.58908701622481,33.68588795570148,38.32030268738659,41.78953757627374,40.413111002153286,84.82937854706032,73.28082461508991,0.027821167516992346,0.025901292038623028,0.4114280772661311,6.014460497054259,11.548553931970403
5,0.9300208687782288,"(22, 89, 192, 403)",134.62537670861843,124.40292613496064,34.1261166988423,38.39060848837737,41.2069763233602,40.42526710882145,82.75567688737789,73.14273829448702,0.02797474732812416,0.02662284824725309,0.41158366456408646,10.222450573657795,9.61293859289087
6,0.9298384189605713,"(22, 89, 192, 403)",130.9872851120008,123.17963669327436,34.47978600001095,38.50345047440109,40.79728432081817,40.37660585980231,81.89639319480993,73.02450183488206,0.027609859774591447,0.02676329747517247,0.4119875808961128,7.80764841872643,8.871891359927872
7,0.9299340844154358,"(22, 89, 192, 403)",129.75287802834018,123.60539407809262,34.73963620262512,38.62176979108341,40.55843542409942,40.32928150857972,81.47823672879336,72.89403313776795,0.027075346978987846,0.026587531180407943,0.4123376541788934,6.147483950247562,8.584203591025414
8,0.9298686385154724,"(22, 89, 192, 403)",128.83752202896642,122.62961381244615,34.69676564220598,38.6417443397857,40.74619985377474,40.26634379660478,81.99771720192882,72.76772748591934,0.026745042075755055,0.02652077000889308,0.41264330800299875,6.207908216520266,9.229989716009484
9,0.9297416806221008,"(22, 89, 192, 403)",128.28406336067349,122.25213698582196,34.5983497678733,38.648137143130455,40.85599406896935,40.23375099706519,82.20467684995036,72.67869895534231,0.02621275321850549,0.026155720836928218,0.41280901804267317,6.031926374851523,9.525977894608047
10,0.928866982460022,"(22, 89, 192, 403)",127.53657023784231,121.67893084240218,34.439441050725186,38.6619109201381,40.94489395945768,40.22082276975145,82.40154340352942,72.58164061323968,0.02574482121588858,0.025971770439304705,0.41302290197212677,5.857639395440131,9.819902790289731
11,0.9274778962135315,"(23, 88, 192, 403)",126.96971113453657,125.17225649606415,34.340298327136345,38.62950930409703,41.19182654549897,40.284911027186936,84.91301191661425,72.79385601275118,0.027497222755078675,0.028398320722250358,0.4137002221320392,1.7974546384724164,12.119155903863074
12,0.9262656569480896,"(23, 88, 192, 403)",127.56717689765149,126.45647561017601,34.10007063162617,38.544727933446985,41.256915026276836,40.32963900697047,84.69454474723028,72.60641853956359,0.02808021959901496,0.0307310690240302,0.41528660455590477,1.1107012874754787,12.08812620766669
13,0.9254717230796814,"(23, 88, 192, 403)",127.52761091014078,127.00332892397387,34.01183973777765,38.4999387593093,41.46013595990488,40.41949502626239,82.22467111731248,72.50484315089012,0.028447029622278998,0.031434040230665705,0.4155486652910787,0.5242819861669119,9.719827966422358
14,0.9254711866378784,"(23, 87, 192, 404)",126.4780464278672,129.31199340651875,33.05002559989762,38.750274874502374,41.705736326461775,40.671119707132995,85.3045857352845,72.54709646110543,0.029349342780826605,0.031901847231987815,0.41255401975346634,2.8339469786515536,12.757489274179079
15,0.9239093065261841,"(24, 86, 192, 404)",127.64310418087942,128.57004661619357,33.89848874176402,38.83337672159791,41.344274804284716,41.05795780504655,88.15372059953972,72.55890921298587,0.027174831278381356,0.029463145455879938,0.4114351888511045,0.926942435314146,15.594811386553857
16,0.9230257868766785,"(24, 85, 191, 404)",128.64516259008795,129.67723733614827,34.346591278823546,38.74621626061573,41.77797337999619,41.35120882613997,90.22273399253034,72.44937853651709,0.02648943784503162,0.027823140750191228,0.4107389941355164,1.0320747460603172,17.77335545601325
17,0.9201648235321045,"(24, 84, 191, 404)",128.89659887430386,130.33111460294333,34.059105979879746,38.24871166222076,41.854076286098106,41.436106305694814,89.58419570418172,71.83436727029265,0.02634709978327758,0.027037818594343413,0.41034386562229813,1.434515728639468,17.74982843388908
18,0.9198957085609436,"(24, 83, 191, 404)",130.53504898797877,132.81888586816615,34.34836894383846,38.32248816746209,43.23230721422086,41.898047617891955,93.41123899978062,71.93282899844536,0.027666150679205602,0.027206903417859266,0.40858514901320797,2.28383688018738,21.478410001335263
19,0.9205888509750366,"(25, 82, 190, 404)",132.85575637682845,135.04249204978663,35.89173304211233,39.43789271689578,43.371934952858915,42.37563926092513,92.06018333936228,71.91474650526268,0.023870341346031353,0.022745734345779103,0.40708061551537683,2.1867356729581786,20.1454368340996
20,0.9206798672676086,"(25, 80, 190, 404)",135.14801461235334,136.94740137244167,36.25145502024456,39.67369164592044,43.977616322865345,42.80869649610746,86.51409363136086,71.478680840524,0.02188709565778929,0.01926236057892089,0.40568838594615303,1.799386760088339,15.035412790836858
21,0.9201645851135254,"(25, 79, 190, 405)",137.17588580307535,136.72503585513317,36.26333410071393,39.486632390387626,44.590364805625626,42.99184004135967,78.21089935748977,71.35282963548491,0.02289692868090662,0.0184959941269319,0.40364204397220904,0.45084994794217437,6.858069722004856
22,0.9189929366111755,"(26, 77, 189, 405)",139.4174914695969,140.87484134717457,37.50921748584657,41.01783289647279,44.9867519572189,43.333200651071934,73.32805520715237,71.64620399301623,0.020762885634923022,0.017179285167468573,0.4037798181797458,1.4573498775776557,1.6818512141361452
23,0.9195167422294617,"(25, 75, 189, 405)",145.12721569705064,142.29640173180564,39.305029066109306,40.56388964634347,45.523032353105634,43.6001906817917,76.2298348922819,71.68014114918802,0.02126601979506681,0.015387493235454963,0.4006826542534754,2.8308139652449995,4.549693743093883
24,0.9185099601745605,"(25, 74, 189, 405)",145.24576928879057,144.30170513299296,39.11388098164733,40.92210820920758,46.02229053334142,43.50971592599937,79.69912407520707,72.6761672494796,0.02152357829080165,0.014201864728630026,0.40053958894002667,0.944064155797605,7.022956825727462
25,0.9197366237640381,"(26, 72, 188, 406)",146.01869785696113,147.18825352878417,39.98531508965836,42.016230055021886,45.72914905143462,43.43169516065552,79.56556980874534,73.06079697139731,0.01982137931046143,0.011292529962094141,0.3999291187410321,1.1695556718230478,6.504772837348028
26,0.9183855652809143,"(26, 69, 188, 406)",145.2076149469023,147.01335121311772,39.31164073310462,41.456303168279895,45.35338237736736,43.60512455009158,79.80801784265459,72.97087943093112,0.020615865492472372,0.01366702115553564,0.3999694596359875,1.8057362662154048,6.837138411723473
27,0.9207395911216736,"(26, 67, 188, 406)",144.7384689663538,146.56378791746843,38.5575443762331,41.26899689061799,45.98573325205836,44.01583586704493,80.37265968676584,74.12600476383552,0.02076195556104075,0.013379484692006722,0.39818617335081014,1.8253189511146388,6.246654922930318
28,0.9236121773719788,"(27, 64, 187, 406)",146.21488489236938,147.09572507559264,39.61160591220665,42.023557273906775,45.726697756977025,44.34696510310967,77.35389203502834,74.9111158718583,0.02052851240332216,0.01688189169771699,0.396390473095758,0.8808401832232562,2.4427761631700378
29,0.9209145903587341,"(27, 62, 187, 407)",146.81562974999233,147.5645079070238,40.23264221045932,42.164016727342855,45.92873441289824,44.706282431533914,74.73201465969856,73.98198724836206,0.02098024810444732,0.0187688098709371,0.3925176508568823,0.74887815703147,0.7500274113365037
30,0.921470046043396,"(28, 59, 186, 407)",147.88147600962972,147.65108752634202,42.155973406112594,43.43561324372852,48.40494899680264,45.9218267239206,75.8217536269233,76.04652807851588,0.024361039472101605,0.019439964465759102,0.3874528646655798,0.23038848328769745,0.22477445159258025
31,0.9201846122741699,"(28, 56, 185, 407)",143.81972687189557,145.42562899218066,42.61698751040425,43.45284510402426,50.27857398909106,46.901807238292044,80.05827698024268,77.09492696688332,0.026981171457265567,0.018987980105848856,0.385079511703756,1.6059021202850943,2.96335001335936
32,0.9180436134338379,"(29, 53, 185, 408)",140.29541161503354,142.3312982446991,43.476002478780785,43.18801489878733,51.81711476854764,47.58829666410348,83.76110273152207,79.44459246241681,0.029657730482210026,0.01994263154989362,0.379805660815377,2.035886629665555,4.316510269105265
33,0.9156241416931152,"(30, 50, 184, 408)",135.966804658907,140.66249657582625,41.00303903040161,42.520859364424226,52.807599251551984,48.69244064278228,86.05577545849691,82.29957673616117,0.028725921491727074,0.023725065107535213,0.3780918909832774,4.695691916919259,3.756198722335739
34,0.9146298170089722,"(30, 47, 184, 408)",131.79156969795102,138.7763095205066,38.20967217068875,41.54074755747053,53.790632839709275,49.41946300934682,87.29307930634562,82.960808652129,0.02736113320563053,0.0247261337337237,0.37673227798645814,6.984739822555582,4.3322706542166145
35,0.9166083335876465,"(31, 44, 183, 409)",130.98585755250727,134.93682982031794,38.76472954449564,40.22291094410022,54.57422640888606,50.40522837144719,88.05826740531226,83.38900134273602,0.0271207445553281,0.026007829487412912,0.3741376085601737,3.95097226781067,4.669266062576241
36,0.9136817455291748,"(31, 40, 183, 409)",129.01788535347063,132.77902824391427,38.56922223048366,38.9987323860663,55.824118155633926,50.65447648271051,89.87439002388838,83.75780957326299,0.032575871058734655,0.022019354534708272,0.37406661075851205,3.7611428904436366,6.116580450625392
37,0.9113406538963318,"(32, 37, 182, 409)",127.0558009400612,130.6479348959243,38.26211207783239,38.589794024941455,56.04989211113068,50.85084815604286,88.21958779512899,82.76321599125363,0.03325830075395507,0.022567774353673516,0.37316838061050034,3.5921339558630905,5.456371803875356
38,0.9095194339752197,"(32, 33, 181, 410)",124.43565670278078,128.01877432759343,37.45970635578676,37.1943978310114,55.883424088031965,52.04829849982612,87.44091124509836,84.94102161948985,0.0333388848274376,0.02425866260362943,0.3730829072536541,3.583117624812658,2.4998896256085175
39,0.9108678102493286,"(33, 30, 180, 411)",124.25631850283649,128.24956149413967,38.530291216709486,37.87384174228573,56.79833046214551,52.96013917017415,90.75881799379117,88.28198478283448,0.03235611782799329,0.02541751102562949,0.3740046472327012,3.993242991303177,2.476833210956684
40,0.9122154116630554,"(34, 27, 179, 411)",122.86844421003113,129.2391695233421,37.746969948892826,38.8002656553016,57.143370096887345,53.30022126917745,90.2144673563616,87.35280042970363,0.0260823851221354,0.027888978698447975,0.37658290261001887,6.37072531331097,2.8616669266579606
41,0.9104290008544922,"(35, 24, 179, 411)",123.80604183855678,127.86092231434037,39.322948992736116,38.62769222271379,60.197752902151805,54.70016387316867,95.53994354177009,89.2647463108605,0.030877767707166142,0.025635917114537693,0.37327760232798096,4.054880475783591,6.275197230909583
42,0.9099218845367432,"(35, 20, 178, 414)",124.29643520152707,127.78372255728206,39.12858011415718,38.808592705609904,62.008509443542984,56.05007005013111,96.05407566963059,89.87688459029074,0.028963259656116045,0.026129275702260372,0.3692144446235596,3.4872873557549866,6.177191079339849
43,0.9123513102531433,"(36, 17, 177, 414)",125.96037699355234,127.8399081363012,40.3524918985313,39.63746537455215,64.5444500340821,56.646386222631804,99.92478491351557,89.25334164013074,0.024263457448609686,0.02613092874110916,0.3682016266388923,1.87953114274886,10.671443273384824
44,0.9117140173912048,"(37, 13, 176, 415)",124.25877085062339,126.61573080835066,39.008659923432226,39.59560963549838,65.11907693684877,57.49939477928395,99.08326149526538,89.11191317544069,0.02141932233923178,0.02920312819904023,0.36125692191298236,2.3569599577272697,9.971348319824685
45,0.9058195352554321,"(39, 9, 175, 415)",117.0088541135296,123.63075628192557,32.053367250655114,37.81539047643,71.0788754727465,60.91949289056025,100.30914108966013,93.87586161594925,0.025197813553283908,0.028376336195789702,0.34959526521366346,6.621902168395977,6.433279473710883
46,0.9076562523841858,"(39, 6, 173, 415)",116.8822369244859,121.0585442622754,28.783793931464345,35.420340110028775,71.80379312612452,62.24845438232566,98.67253660755358,95.59228665098375,0.03217358657088271,0.0279767044978941,0.34370628639287953,4.17630733778951,3.08024995656983
47,0.9026278257369995,"(41, 3, 173, 416)",118.3392121567626,119.70936267775839,28.011066101593496,33.93579854069333,74.18468726757789,65.03165448485125,98.94157807542086,98.60723988916581,0.03573703717083624,0.02744269163232627,0.32918962845099603,1.370150520995793,0.33433818625505296
48,0.9034817814826965,"(42, 1, 171, 417)",123.4308852924486,121.5803626091956,24.583595440524856,32.34927805988316,81.25396277674768,68.82366720675842,116.05934193232497,102.90561447886621,0.043615575105733516,0.01928617965009179,0.3168963571245944,1.85052268325299,13.153727453458757
49,0.9032089114189148,"(43, 0, 170, 418)",121.69145045846027,118.43582090884505,22.431078495750473,29.629111846821772,80.82100244456656,73.71542467233013,108.47905112798314,108.65203153231792,0.04459311989696098,0.01786487472723831,0.30526448924851124,3.2556295496152217,0.1729804043347798
50,0.8987453579902649,"(45, 0, 168, 419)",129.30327475405426,115.37458793860628,13.511482252177528,27.321860662023944,85.06053327058676,76.68028106812845,115.49121454089486,109.50858451332289,0.05400283756506699,0.013635908270235997,0.293924663102807,13.928686815447975,5.982630027571972
51,0.8989075422286987,"(47, 0, 166, 419)",115.89975444779267,109.85429617894162,10.816546824045526,22.99436127533358,91.87277092961607,80.7463561958036,129.65166633241728,114.22176705779255,0.057592690697653354,0.010422068103724482,0.2891229727322971,6.04545826885105,15.42989927462473
52,0.8911131620407104,"(48, 0, 165, 420)",111.63435459785798,107.93695016256865,10.302309183330609,20.659079080926745,94.16410319912751,83.63431244607447,130.22895390300056,111.88458863696464,0.06070449451567662,0.009638139686602971,0.2848478716484895,3.6974044352893287,18.344365266035922
53,0.884242057800293,"(50, 0, 165, 421)",111.826108571157,106.9873682475367,8.874029720952915,19.074245134075603,99.3202436773202,89.16625362073594,134.8939049806303,112.20935384311576,0.058583645765358454,0.010630116711956628,0.2807856900100665,4.8387403236203,22.684551137514546
54,0.8783644437789917,"(51, 0, 163, 421)",109.95465706496029,108.59196174724116,6.6041385843538665,18.77935778420185,102.84559143841231,93.2313532778228,134.2374336034131,113.61638073506563,0.05591041714578762,0.01480328016221128,0.277531432463097,1.3626953177191297,20.621052868347476
55,0.8790459632873535,"(53, 0, 162, 420)",108.56667746477494,108.01571961234505,6.068089967333354,16.2757988963112,106.93554007245018,99.02956018514875,128.17641112202082,116.87641221578602,0.059315084474783474,0.016957121061538044,0.26843189346849766,0.5509578524298888,11.299998906234805
56,0.8767455220222473,"(54, 0, 160, 420)",110.69726926249234,106.41161388402453,7.616517037605654,13.96032357404932,108.27461853269786,103.55281855772232,127.40415060313089,122.48651460903197,0.07425242913920221,0.028448211075758328,0.2644115011701703,4.285655378467808,4.917635994098916
57,0.8751320242881775,"(56, 0, 157, 420)",111.12171700831217,105.00089796784559,3.5782684081358105,11.76582327345442,112.07527780378635,110.88285476283419,132.74906185539965,129.84621726062878,0.0940761681633991,0.044295252096427026,0.25515406394888307,6.120819040466586,2.902844594770869
58,0.8784749507904053,"(57, 0, 155, 420)",106.94349876665108,102.72711448366375,0.9464386716153828,8.323630407878676,112.22525914510388,118.17287559583819,126.79979344410998,135.30232202370027,0.09590869618390653,0.05405956087758046,0.2569393747051099,4.21638428298732,8.50252857959029
59,0.8789970278739929,"(59, 0, 153, 420)",107.18887115680351,102.83865625533127,1.180223434254718,6.326410537312546,117.98018087180193,127.35995480460569,122.06430860015334,139.42347358748182,0.08869168380882302,0.05013601056853289,0.2497788977458863,4.350214901472242,17.359164987328484
60,0.8770875334739685,"(60, 0, 152, 420)",111.0201956208472,103.00798813454709,1.1818483718076223,4.53848095186521,124.29827939457864,134.36448515055125,126.79220566989056,143.4251300449427,0.08985991926045465,0.05125290446623209,0.24742184083328705,8.012207486300113,16.63292437505214
61,0.8659461140632629,"(62, 0, 151, 420)",117.62456845290069,107.16573270524852,2.4524575629450154,6.044782863211995,130.7758607219208,141.31097386554566,128.79021762689035,150.15767110924168,0.08405001291761866,0.043625711984520046,0.24167112158030674,10.458835747652174,21.367453482351323
62,0.8502262234687805,"(63, 0, 150, 421)",118.70987413661064,110.64811414158828,1.1806929803354946,9.536280253558377,132.2263607790388,139.30308649494026,117.32920344152598,143.48704043264402,0.06175885545026208,0.0235160814688863,0.23964720746679907,8.061759995022356,26.157836991118046
63,0.8315171003341675,"(64, 0, 149, 419)",118.89000110634738,111.53868930053409,1.8489426314222963,9.533820411288424,138.14075175399205,144.65366395404465,123.34318661155856,148.76242538422858,0.0700754857040664,0.026066810683628597,0.23792450292054165,7.351311805813296,25.419238772670013
64,0.8257413506507874,"(64, 0, 149, 419)",116.94793346408112,112.91704782357931,5.145965455305854,9.983635678031401,141.72679489001553,148.7084139928321,123.36196004822028,151.50653434912152,0.07754419933250986,0.026871712825410666,0.23555338700225747,4.030885640501808,28.14457430090124
65,0.8282281160354614,"(65, 0, 149, 419)",116.1263965818878,113.58889277662658,7.81708847727682,8.640311752820736,148.46730574271123,157.01641608808922,122.5511126750834,159.62808288445206,0.07770740323402704,0.023698192067769984,0.23399001494777694,2.537503805261224,37.07697020936865
66,0.8336319923400879,"(66, 0, 148, 421)",117.2427818574572,111.27554700427818,9.716602991842702,4.544377419951052,154.21026149704812,163.22003719765837,126.41173126260846,162.6926578319813,0.0787570145982728,0.02776081114866527,0.23285670984973225,5.967234853179022,36.28092656937285
67,0.8336613178253174,"(66, 0, 148, 421)",117.80040547458735,115.41257442136026,9.364918179823173,5.572396366071435,154.88401754643667,168.67035074856508,118.82875396954921,162.66783968498663,0.06692707266236858,0.026401304374594304,0.23374219110854413,2.3878310532270888,43.83908571543742
68,0.8302944898605347,"(67, 0, 149, 421)",119.60503197986031,116.60486780542816,9.78406872250577,4.33441105231524,159.98682975622157,173.58095408070946,121.27670719064466,164.13801316886588,0.06560783876048586,0.024981736959537464,0.2352537639452489,3.0001641744321574,42.861305978221225
69,0.8245793581008911,"(67, 0, 149, 421)",119.39610314377065,115.78972760381046,11.862119337793825,1.9721026484489126,167.32413899626837,176.57102153099643,129.4320772400156,163.44351393191,0.07178972748359086,0.025855505697626263,0.2386823046051293,3.606375539960183,34.0114366918944
70,0.8303105235099792,"(68, 0, 149, 422)",123.47500800950193,118.0074854475649,11.926199345074963,1.229435073705288,174.11470050501745,177.40079221458183,134.4443251602016,165.31602856548764,0.08025388421103251,0.030953103009470514,0.24323692784098058,5.467522561937031,30.87170340528604
71,0.8308153748512268,"(68, 0, 149, 422)",127.12630595307454,118.94927777461473,10.562737953175612,1.2859836508994358,177.36816594407347,176.70834118622022,139.19487303431603,164.04660654010337,0.09391106446500291,0.037555493872668586,0.24650797715792241,8.177028178459807,24.851733505787337
72,0.8309156894683838,"(68, 0, 150, 422)",128.60687708639077,120.05349652673425,10.339960642661827,1.2280807878957043,179.35063974832175,175.09461800635756,139.89672380166735,164.57223481367168,0.10060254389088126,0.038165055501540014,0.25038673256970784,8.553380559656517,24.675511012004335
73,0.8314751386642456,"(68, 0, 150, 422)",128.11448792668546,119.2818858151057,10.912328819909852,0.5336117179557225,176.47255632952158,173.55927700268,144.5072195389026,166.0481899913825,0.10694519918043847,0.03972176597939645,0.2529050850158811,8.83260211157976,21.540970452479883
74,0.832291305065155,"(68, 0, 149, 422)",128.93666089854767,121.86815998430038,10.2113306781787,1.3929565917926716,173.6259765831991,169.9333094986278,147.5534572204719,167.53404379601167,0.11001151625443803,0.04430182095318087,0.25495308989637366,7.068500914247295,19.980586575539775
75,0.8347960710525513,"(68, 0, 150, 422)",127.8250556047099,125.89601231076728,12.28799815162678,2.9494318307252203,171.35393114191356,166.99925720947508,146.48165154759832,167.1892063526427,0.10819874352662845,0.0446209333913218,0.2582024038916462,1.9290432939426267,20.707554805044396
76,0.8331027030944824,"(67, 0, 149, 422)",124.13043510065602,125.04010871396636,13.61854905904879,1.5321501199723417,167.84392240849002,163.8985420753097,148.402480771269,168.91991955242457,0.10300304457566015,0.04421230769186386,0.258354861292519,0.9096736133103462,20.517438781155562
77,0.8336608409881592,"(67, 0, 149, 422)",123.64434492462198,125.43089480078207,14.518726263290201,0.7549191720283182,163.53794836460725,160.63635057738549,151.02363772826536,170.4961278276919,0.09985737480672623,0.04178510784413821,0.2609588208715862,1.7865498761600946,19.47249009942655
78,0.8316175937652588,"(67, 0, 149, 422)",123.92432623224691,126.33719981923112,15.173369367487874,0.6771697809572389,159.77618329676278,158.39664027080462,153.63709952914726,171.28485358213769,0.09818262610321607,0.038461353939515525,0.26393141459592884,2.4128735869842046,17.64775405299042
79,0.8310744762420654,"(67, 0, 149, 422)",124.91336722713068,127.63805797479041,15.507022974817964,0.8970986605829249,156.40960616777178,156.5712490217768,155.40238631554493,171.67563196441637,0.09814742019975532,0.03544908768293273,0.26749721091825873,2.7246907476597357,16.273245648871438
80,0.8320476412773132,"(66, 0, 149, 422)",124.30734963436166,131.53689947206644,16.875985106152957,2.307665458795264,152.43710070018193,153.98927041813428,158.66044811566712,170.77500696559844,0.08921535182963368,0.03233186637100095,0.27023674612468396,7.229549837704781,12.114558849931313
81,0.8319215774536133,"(66, 0, 149, 422)",127.20942721964359,131.5290745640518,15.360439655609948,1.7452005883551498,150.87821883017256,152.08744367921497,160.82438775204653,171.15876676268036,0.09708583286739605,0.03702110417322278,0.27378478373689774,4.31964734440821,10.334379010633825
82,0.832978367805481,"(66, 0, 150, 422)",128.04420302284197,133.87027633604194,15.755812170640326,2.472727202603361,150.2005549989516,151.56882764002634,159.33041383349223,169.0822932696217,0.0909773405571628,0.03389187395927945,0.2759952011037236,5.82607331319997,9.751879436129457
83,0.8326194286346436,"(65, 0, 150, 422)",127.38145284311796,136.705014720316,16.441380142051166,3.2876951052449694,150.76646481600545,149.12506284621665,157.43960720247196,168.99097347419516,0.08999504976625006,0.04060638504662696,0.27653799102633697,9.323561877198046,11.551366271723197
84,0.8335717916488647,"(65, 0, 150, 422)",126.14946011718882,137.7686077200005,17.974820574339397,3.9598983330697974,149.75261842273002,148.69845597133514,160.91768760563355,168.78835200448162,0.09030095520684672,0.03662608570652072,0.28027894637568057,11.619147602811665,7.870664398848078
85,0.835033118724823,"(65, 0, 151, 422)",126.29781755275825,138.15794269436944,18.298254491278826,3.9705284174589663,150.03534485395267,148.69445339380005,160.89740423453642,168.36136882416164,0.08999239529269752,0.03664424561330053,0.28042315219874425,11.860125141611192,7.4639645896252205
86,0.8353150486946106,"(65, 0, 150, 422)",125.45363332377006,138.15538257316268,19.019480370837208,3.6033918435208196,148.45629956506332,147.51847876046335,163.4591095047847,168.65944324999452,0.09153779379043855,0.0364017483884069,0.2835089792512912,12.70174924939262,5.200333745209832
87,0.8373857736587524,"(64, 0, 151, 422)",126.48705416536195,140.2696943129519,18.773789632142883,4.944552671688144,147.8554255095283,148.33732621787092,167.27077719270866,169.1036113682593,0.0879299299157477,0.03413292526384008,0.2832932467948814,13.782640147589959,1.83283417555063
88,0.8409510850906372,"(64, 0, 152, 422)",126.40802007914873,141.2927911715036,18.797248437661917,5.398382201075032,148.98469431574395,149.3685233036788,164.81141643221292,166.73780868164621,0.08383486480232309,0.03333862448705057,0.28203084324666744,14.884771092354882,1.9263922494332917
89,0.8431283831596375,"(64, 0, 152, 423)",126.66719760028178,141.28937525766418,18.262475942535673,5.204440482274124,148.75873772282142,149.53358292318634,166.29337425782686,165.5653215448595,0.08009672407776088,0.03182272709956579,0.28081118934752275,14.622177657382395,0.7280527129673544
90,0.8401406407356262,"(64, 0, 151, 423)",127.60297828524911,141.2782646945213,17.258264494319015,5.164701076029139,147.96619105118515,149.2090888591101,168.82229209776068,166.04989675275266,0.07787599284289452,0.030087980766577416,0.28119656411440125,13.675286409272204,2.7723953450080216
91,0.8349002003669739,"(64, 0, 151, 423)",127.3336717958824,141.21384255962155,17.541452378884806,5.086230457950552,147.9992913106415,149.26737058871936,169.54768971654485,166.49484551792165,0.07764296058767535,0.029844501628839296,0.2808516758445239,13.880170763739159,3.0528441986232053
92,0.8317943811416626,"(64, 0, 150, 422)",126.81000625593265,141.2354252884827,18.008228362939143,4.96071310252276,148.5829906471061,149.41086615474947,166.85421195752858,165.13132543485324,0.07747230509222844,0.029819678403924528,0.28237653762469145,14.425419032550053,1.7228865226753385
93,0.8305107355117798,"(64, 0, 150, 422)",126.2760230046169,141.04184596904497,18.533468315306607,4.856352675491727,149.100875844507,149.6158930297833,166.6978642931228,165.17860853154184,0.07804190814792916,0.030111242542248503,0.2819843358655512,14.765822964428068,1.5192557615809505
94,0.830299973487854,"(64, 0, 150, 422)",126.10723106197507,140.8554370144047,18.752358027277932,4.748061274181114,149.39614800358584,149.75268674370244,166.5679272541125,165.18537210676547,0.07858664442557717,0.030264503506845092,0.2818056618712731,14.748205952429643,1.382555147347034
95,0.8318414092063904,"(64, 0, 150, 422)",126.1794973817025,140.64378833501135,18.761538949210557,4.636456642400441,149.5968341908222,149.9293074668616,166.53340087832674,165.1432636599004,0.07909329514406878,0.03037800118203275,0.2815444439546993,14.464290953308847,1.3901372184263323
96,0.8331109285354614,"(65, 0, 148, 422)",125.71529712587984,138.91784547970693,19.188342427905216,3.380772921925549,148.05450868461443,149.28570699377448,166.73240423299532,164.79254879247807,0.08166107509938118,0.030776590691749012,0.2836981372480358,13.202548353827083,1.939855440517249
97,0.8343651294708252,"(65, 0, 148, 422)",127.21885186031975,138.23424378330458,19.02221557165868,3.215062224785594,147.76269990346447,149.75285740527133,167.34334019728215,164.80641324878115,0.08262770395279934,0.028457502124054825,0.2843630691189389,11.015391922984833,2.536926948500991
98,0.8366585373878479,"(65, 0, 148, 422)",127.95825806358948,137.6389559791492,18.888199104913085,3.104990097649961,147.88049435805686,150.32891674685575,167.57520947992987,164.73726509871133,0.08438977458111341,0.027563867716909846,0.2846157241394774,9.680697915559705,2.8379443812185343
99,0.8360475897789001,"(65, 0, 148, 422)",128.08156348412228,137.45384441418784,18.910355067587062,3.335691955324317,148.30221242911747,151.0554180201966,167.7658222092966,164.63249287836948,0.08470456416982813,0.026757570571552414,0.2838606255247066,9.372280930065557,3.1333293309271255
100,0.8349629640579224,"(65, 0, 148, 422)",128.21479022601758,137.45468502254752,18.83365302353153,3.7214917853104783,148.7484772849024,151.86321331820372,168.10610379240248,164.4326057627333,0.08490826520402846,0.026286775438807284,0.28289847681383085,9.239894796529939,3.67349802966919
101,0.8340042233467102,"(65, 0, 148, 422)",128.1878156736837,137.3667052639022,18.7987476098432,4.088649083893021,149.36337435515682,152.81646708683252,168.27547860782371,164.10339932899308,0.08499656845883263,0.025901122916572344,0.28162691869085715,9.178889590218489,4.172079278830637
102,0.8345574140548706,"(65, 0, 148, 422)",128.28027173415373,137.16315365261903,18.792812129077493,4.2095495198169015,149.8900676343717,153.36971646508113,168.69563127048548,164.01208761838336,0.08545489726683099,0.026697983012549574,0.28032326730541296,8.882881918465301,4.6835436521021165
103,0.8320514559745789,"(65, 0, 148, 422)",127.298152722624,137.10391491737684,19.304050652099736,4.537251743709453,150.46112399919306,154.318945091796,169.06544692316925,163.55439609426713,0.08378112471795149,0.02600019416982445,0.2783852494038282,9.805762194752845,5.511050828902114
104,0.8317720890045166,"(65, 0, 148, 422)",125.72773701705457,137.31054196135514,20.09685170759561,5.167413185502043,151.44011371872904,155.75894468455348,169.0192013635491,162.74313631327487,0.08004355284455118,0.024055625493714258,0.2756846500542235,11.582804944300577,6.276065050274212
105,0.83103346824646,"(65, 0, 148, 422)",124.19320808364436,137.50307476374823,20.741629182784425,5.9043999355462,152.72261131149043,157.62775342682843,168.6714700354577,161.54948572100884,0.07615562760823345,0.021927486165041858,0.2727861717912365,13.309866680103866,7.121984314448866
106,0.832099437713623,"(66, 0, 148, 422)",123.38793659148865,137.7222318950131,20.924770182277705,7.539977526795849,153.65326226275502,160.85670966840976,169.54339699700054,159.9017113671239,0.0767812374199343,0.018476555412844972,0.27096449183190324,14.334295303524442,9.641685629876633
107,0.8300000429153442,"(66, 0, 148, 422)",122.81235665960065,137.49010762160083,20.220147488046262,8.4945334475505,156.65482397794392,163.82089710729775,167.76467959238227,157.96326295799534,0.07518188197368196,0.01802612085765904,0.267335920962556,14.677750962000175,9.801416634386925
108,0.8276162147521973,"(66, 0, 149, 422)",122.10658541825299,137.28563502996553,19.54600618269558,9.267404251470909,159.84368233330494,166.55562137395603,163.0646766886998,156.56424226481167,0.07119677948489361,0.01755210141262552,0.2629209165567645,15.179049611712543,6.500434423888123
109,0.8292389512062073,"(66, 0, 150, 421)",119.01307262428416,137.24682073355615,19.88269419616665,11.52003868990271,165.605817241086,173.02898492431706,159.24087979912258,152.7624703364785,0.057622174784925644,0.009216537726804423,0.2559414962624732,18.233748109271986,6.478409462644095
110,0.8278239369392395,"(65, 0, 149, 422)",112.23610018284417,135.53055723516925,21.361733567530734,12.82249999146111,172.98712218993154,178.4631419906624,153.70465616884564,144.71460769926307,0.047281293459412024,0.006405070735441588,0.24694359594728646,23.294457052325086,8.990048469582575
111,0.8287467956542969,"(64, 0, 151, 419)",108.03367531728519,133.08668001392394,21.195729456081946,12.953902408762007,177.27533042847628,168.1334284861576,147.37398535083386,136.03840053973866,0.036244212787943896,0.005421552121141359,0.24046341933386126,25.05300469663875,11.335584811095202
112,0.8315550684928894,"(64, 0, 151, 419)",104.85603057377867,131.57275534988895,20.765711933941883,14.019437079340424,167.08020532259468,161.34351197695196,135.5957342897998,130.23554246965975,0.03145975584071132,0.005799134875563947,0.2363831470703973,26.716724776110283,5.360191820140045
113,0.840752899646759,"(63, 0, 152, 419)",106.76023922576404,131.3091716914101,16.09969217409539,16.47547326888361,158.03461504701156,153.77816164805506,132.68260777100076,126.04867104044827,0.019468206321357033,0.0014992220801248936,0.23325114024910526,24.548932465646075,6.633936730552492
114,0.8482288718223572,"(63, 0, 152, 421)",101.43485241749309,131.43999123371248,18.202144446754712,19.07521446442311,153.77058321708805,147.02602996784208,131.88658304695662,120.01965878213512,0.015621829710678386,0.0022832954547417615,0.23109906405386382,30.005138816219386,11.866924264821492
115,0.855534017086029,"(62, 0, 153, 420)",97.13673707083474,128.12887302038374,17.84205384139899,19.896059425693085,143.91046709299076,139.8683947999112,122.42756410131706,117.32176685952301,0.013254682245881848,0.0036736470971293297,0.23054915948431823,30.992135949548995,5.1057972417940505
116,0.858738899230957,"(60, 0, 154, 421)",92.03780879736036,122.19160027756983,16.63395373536035,19.924712272413196,133.69477133127205,129.44727771375472,113.16150930995123,112.49818013582042,0.0156334838152494,0.005519907398541123,0.22998328347620683,30.153791480209478,0.6633291741308085
117,0.8602294325828552,"(59, 0, 155, 421)",93.34077362769114,121.98108316163744,13.065382741542495,23.519715150915278,127.0553122288596,120.62940907866569,113.2352135004416,105.98884695205095,0.012750128297707561,0.008129910793263376,0.2322265038419178,28.640309533946308,7.246366548390654
118,0.8635379672050476,"(58, 0, 157, 420)",96.64893313641042,119.11674732224897,9.520876502797385,24.764778350798686,122.04129821863005,112.97145524306733,113.66759116514267,101.76113625260419,0.02854105452752493,0.004072566676863436,0.2333393784778577,22.46781418583855,11.906454912538479
119,0.8673994541168213,"(56, 0, 158, 420)",99.16068022664928,122.29409815879745,1.6691477026099681,31.62400341975786,115.23383109284252,106.34776728062477,112.87118127584483,97.93855920454784,0.013495141246419954,0.006371759468730151,0.24062321145148666,23.133417932148177,14.93262207129699
120,0.8674182295799255,"(55, 0, 158, 420)",106.07243444059871,126.03875830323906,6.801693092372604,37.618720376303145,111.02162325488517,101.0824437608283,106.1862072509175,94.03433525303781,0.028272895232864522,0.0063690162980287995,0.24325519959160488,19.96632386264035,12.151871997879695
121,0.869179904460907,"(54, 0, 159, 420)",113.30349709219253,128.64111141282433,14.101002659915851,40.63516823987222,106.25370938627366,98.86118776803521,104.18262106572435,93.09112411143923,0.03642330986364091,0.015040139183804447,0.24683370778186425,15.3376143206318,11.09149695428512
122,0.8690172433853149,"(53, 0, 159, 419)",118.93052209859606,124.711821280734,14.145539975628123,38.72929651313223,103.04619420816454,93.89907426037514,110.41917643538993,91.65865839901329,0.056881718390632406,0.025328267663390216,0.2504810698887599,5.781299182137943,18.760518036376638
123,0.8753857612609863,"(51, 0, 162, 419)",112.33174586632722,127.30073624881912,21.53669702924904,42.05489394783091,97.70298690305997,90.84877803083985,110.50634681539145,88.24496859801232,0.025549192827207603,0.014553092635520673,0.2625601004080344,14.968990382491896,22.261378217379132
124,0.8785017728805542,"(50, 0, 163, 419)",114.32999414582525,124.90016809789866,25.044843893514845,41.96916585680899,93.62043564190962,85.90215577656852,100.65862005595697,87.23080589978608,0.03348264880484226,0.010472333684142781,0.26264243488678,10.570173952073404,13.427814156170896
125,0.8809232115745544,"(49, 0, 165, 418)",115.96679704347528,126.0303853289682,30.031956768381626,43.652180158727994,87.71323735432925,83.41137160486913,91.67239154589329,86.13284573872424,0.028920188624506217,0.009782640227274746,0.2671180520251443,10.063588285492912,5.539545807169048
126,0.8820615410804749,"(47, 0, 165, 418)",117.56865253763236,126.791951108488,32.65421571577558,45.50471905814376,82.87331807709894,79.52099759895718,92.41814442856534,86.76405026711872,0.028408002418353905,0.01188025781643459,0.27574126952923483,9.223298570855647,5.654094161446622
127,0.8848815560340881,"(46, 1, 167, 416)",118.14818464518564,127.17789181104688,30.694135011586514,45.36502320823681,81.79832277057102,77.83177683849647,93.46071582746079,88.42437988529753,0.03298987760762782,0.013588495840786528,0.2806150422876196,9.02970716586124,5.036335942163262
128,0.88979572057724,"(45, 1, 167, 418)",116.76950629314338,126.91966569267356,34.48041208014978,48.52555772143358,77.24267115752303,74.32894794823767,87.05580565963722,88.81837525827176,0.027580918326896367,0.018666202702723355,0.2862486603898802,10.150159399530182,1.762569598634542
129,0.8909870386123657,"(44, 4, 169, 417)",117.43852483395482,129.78219545817973,35.9239206179726,51.29850493555393,75.15727280391691,73.24682406845976,85.85053926922896,86.95000883004143,0.026388239969893923,0.02031501184478323,0.29253271590453184,12.343670624224913,1.0994695608124658
130,0.8965591192245483,"(43, 6, 170, 416)",119.0129889122754,126.22359830827929,36.94666427252676,47.943609240204474,74.82975446564518,69.40081205655865,92.91828102587459,83.49673825811787,0.03792373143267201,0.020719419330543852,0.30073195002941744,7.210609396003889,9.42154276775672
131,0.899048388004303,"(41, 10, 171, 414)",119.89775529619853,125.26125494448361,33.49603208979117,45.97915625287995,75.4403326114896,67.5975295834993,102.03591191094252,83.56566275122486,0.043868095395443577,0.018755172751105383,0.3113262018840364,5.363499648285085,18.470249159717653
132,0.8979865908622742,"(40, 12, 171, 414)",125.78515068833795,126.22351348184158,35.32741802501323,46.1771805090401,73.62215219058844,64.75766134296083,102.41892730018691,82.69508496236693,0.03567741393886967,0.018789119839229516,0.3218280205321205,0.4383627935036287,19.723842337819974
133,0.8992173671722412,"(40, 14, 172, 414)",122.15304395566376,126.29733825160416,36.1497362394502,46.01019608158241,71.18602651561673,62.71325329477486,100.57233114823798,79.09241642731251,0.02524909218090847,0.018509563600879027,0.32971498435519453,4.144294295940398,21.479914720925464
134,0.8990214467048645,"(40, 15, 172, 413)",121.55184710050472,127.16426237494046,37.269420982970274,46.65955545129167,69.01685533174134,61.050023096829364,93.35563132451222,77.83336094993945,0.023174974765879652,0.02250137277788429,0.3330589325269529,5.612415274435747,15.52227037457277
135,0.9026773571968079,"(39, 18, 173, 413)",123.5116454790484,128.34699079619645,37.95833842297615,45.75932240854144,65.98047145972834,59.29912641906811,86.47040874994605,77.88813820057936,0.02326908312482103,0.023689609686654726,0.3430561064165235,4.835345317148054,8.582270549366683
136,0.9068735837936401,"(38, 20, 174, 413)",122.18830058866213,129.42290090568952,38.16264881145975,46.461371824507474,64.2414727388337,57.65584928604652,83.36921129569672,77.37875923542582,0.015183475761285432,0.023925639806042433,0.3536355436283502,7.234600317027386,5.990452060270897
137,0.9045657515525818,"(38, 23, 175, 412)",123.25392954450791,130.7677277565337,36.86031906584519,46.31519520306756,62.291331278034335,56.910185590405405,82.54934644906582,76.84178819615157,0.014706032559844784,0.025060420206378577,0.355004305060325,7.51379821202579,5.707558252914254
138,0.9077249765396118,"(37, 25, 176, 411)",123.37870079283952,133.647497200016,37.07908645234096,46.58747670849802,60.75704488341096,56.23412469821571,81.59250336177872,77.22312302331711,0.011064447294845488,0.024564872003399758,0.36180073898515447,10.268796407176481,4.36938033846161
139,0.9091070294380188,"(36, 27, 177, 411)",120.3473539471507,133.75707649039992,35.9799801613056,45.41184900779995,59.768513966196224,55.445578013219134,82.70179513204636,77.61514246381184,0.010280031506816386,0.022516263966740096,0.3680395947842971,13.40972254324923,5.086652668234521
140,0.9064706563949585,"(36, 29, 178, 411)",119.00376811978866,133.73068392812772,36.96320715090841,45.54748050340892,59.14686653009918,54.40982620342207,86.27665474066656,78.29957323552853,0.0038052435158185778,0.02765441554119344,0.37397215253870647,14.726915808339058,7.977081505138031
141,0.9075262546539307,"(35, 32, 179, 411)",121.62548851020217,134.24648803503567,38.351151608583834,44.15704335514537,58.54273075898925,53.624246104243255,87.40313445149224,77.73378589173639,0.007587440679470416,0.024240754392082894,0.3778064325395147,12.620999524833493,9.669348559755846
142,0.9101771712303162,"(34, 34, 179, 410)",120.94738428267456,134.2206822762005,39.85276526865441,44.19577890396984,56.69759075122886,52.185655805444554,85.56572469984718,78.16664183896515,0.007248598876202267,0.027191794650254415,0.3812443885966315,13.273297993525944,7.399082860882032
143,0.915250837802887,"(33, 37, 179, 410)",120.29151597722311,131.7798769535943,39.92530816274626,43.815498443243285,54.91305707501681,49.9458688585916,82.8694108229242,77.25098216672583,0.017162712412972025,0.0221125457067008,0.3863653236067357,11.488360976371197,5.618428656198361
144,0.9173070788383484,"(33, 39, 180, 409)",118.63470545549772,129.88048605152434,38.757546884467885,43.109991039035904,51.91247720656098,49.04627924337023,79.45551154317477,76.80999055229101,0.018966557577655106,0.017726307064076678,0.39108531943839653,11.24578059602662,2.645520990883753
145,0.9180076718330383,"(32, 41, 180, 409)",117.89806557620507,131.18541891088043,37.66275371120266,44.45313884579469,49.10828746749758,48.63188459951439,76.64532124472787,77.57223606016483,0.017853536985997565,0.016949406189252905,0.3942787056496976,13.287353334675359,0.9269148154369589
146,0.9189411997795105,"(32, 44, 181, 409)",119.82704633313988,132.3528671789117,37.74442581412631,43.97815223943313,49.853033648234316,48.73324107843909,80.34978539415089,77.42496931114827,0.019534624490283245,0.011496453534778099,0.40117467835473025,12.525820845771833,2.924816083002611
147,0.9219244122505188,"(31, 48, 181, 408)",119.14950653368496,130.50556585368574,36.19946541080091,42.923567170367974,49.6189314536998,48.26964156217027,81.80075718111749,76.8421475452158,0.02170946886801016,0.011341066586944034,0.4056860483145803,11.356059320000782,4.958609635901695
148,0.9200778007507324,"(31, 49, 182, 408)",120.79400707785068,130.61585409212918,37.410914285876224,43.48277599888485,49.448451044082155,48.07928403040622,81.27206587925818,76.8954849545557,0.025455546128622483,0.009073120662124881,0.40482157665508695,9.821847014278504,4.3765809247024805
149,0.9197395443916321,"(30, 51, 183, 408)",124.22802911980722,130.90873854338588,38.51789445608697,43.07629583198344,49.746738802233054,47.66606721040389,83.32865225429131,78.16318396197673,0.02763921978206155,0.009577959110668997,0.40470739774732645,6.680709423578662,5.165468292314586
150,0.9230920076370239,"(30, 53, 184, 408)",124.5668163775797,131.21596687883837,38.385242082378085,43.52296630243369,50.2826283660108,47.88285656000969,84.08288673078896,79.07634054609238,0.028093946712076726,0.008500082301903541,0.403298068060733,6.649150501258674,5.006546184696575
151,0.9246428608894348,"(29, 56, 184, 408)",126.03791257136002,131.60321731014344,37.7543751008884,43.89798645162153,48.43292224852365,46.64514704709698,79.75736313496859,76.56527827136007,0.027138536397584557,0.00855019196883435,0.405017003809935,5.565304738783411,3.192084863608514
152,0.9254843592643738,"(28, 58, 185, 407)",128.7766235054097,133.971119179408,37.27582009120326,44.604034711303655,47.8907554254192,45.77530715629901,78.40059092757605,74.22401996312624,0.025667806925517213,0.008650695004101722,0.4021048758768147,5.19449567399829,4.176570964449809
153,0.9273421168327332,"(28, 60, 186, 407)",130.48705213720996,137.02227829589097,36.687789319453096,44.8910712654884,45.31483621976696,45.53203462664722,88.89364996539128,73.83937173094955,0.0272436303835351,0.009405979660753445,0.39878116291758653,6.535226158681013,15.054278234441725
154,0.9251737594604492,"(28, 62, 186, 407)",137.12658945210632,139.59090920125797,35.83505368349077,44.30470377419815,44.40693549278264,44.99306432967519,91.94843806989681,74.59541547788217,0.027333478899689918,0.008267572863858498,0.39850395093085117,2.464319749151656,17.35302259201464
155,0.925881028175354,"(27, 65, 187, 406)",138.29946189080687,147.74816290667815,32.747633794426754,43.3898745958979,43.29144124671329,43.31789111937856,97.92150583989398,73.13996446640557,0.01897577585547143,0.01191287003062696,0.4041684890594027,9.44870101587128,24.78154137348841
156,0.9254041314125061,"(27, 67, 187, 406)",138.905656221601,147.89563461025298,33.272789918489984,43.61034907664993,43.70355140787519,42.755323666656196,94.51227925395744,72.77665064104389,0.020940055582928753,0.013543908044084866,0.4002465946917263,8.989978388651991,21.73562861291356
157,0.925311267375946,"(26, 69, 188, 406)",139.08067282957782,146.03824665832806,32.52615001892723,42.61158586613079,43.83717716181884,42.41224220730245,96.24380872010299,71.91516185047388,0.01871458946108864,0.013666645656976116,0.4024222905036398,6.957573828750242,24.32864686962911
158,0.9234001040458679,"(26, 72, 189, 405)",140.52210353578334,145.45955965740316,32.993212084737436,42.00224215662462,43.86641408821652,42.297426864024686,94.66742780164218,72.13868521513791,0.017793212083235206,0.013772450236812268,0.40360388182622925,4.937456121619817,22.528742586504265
159,0.9241983294487,"(26, 74, 189, 405)",140.43579951916547,144.9478172553455,33.11928656424978,42.34142218407068,42.92477803051643,41.82575570789385,94.45082987275558,72.73815789627241,0.016287990488340138,0.014914907050216962,0.4003253482206621,4.5120177361800415,21.712671976483165
160,0.9226007461547852,"(26, 75, 189, 405)",140.13864433654695,143.79870987711817,33.323309793331696,41.67885777042876,43.81833591129075,41.77501183008593,97.36409678101207,72.36523902570343,0.019441712220434934,0.012681884348031894,0.39922466552751934,3.6600655405712246,24.998857755308634
161,0.9219616055488586,"(26, 77, 190, 404)",140.13632662755472,141.55173073904928,33.505325587885565,40.36086972524241,45.74178114986966,41.41900304468829,103.22513313484471,71.96936029548219,0.024878557618511772,0.0072800769164665345,0.4001107513117719,1.4154041114945528,31.25577283936252
162,0.9225208163261414,"(26, 79, 190, 404)",140.9464767540969,142.46869336726772,34.15955779094863,40.540214900656295,42.05661947273818,41.691567608269644,99.87223625989674,72.1990703402201,0.025392028581300314,0.009654397953269252,0.39880542783100836,1.5222166131708263,27.673165919676634
163,0.9233641028404236,"(26, 81, 191, 403)",140.75514681141857,143.22069226257136,33.72849819195754,41.065588741145824,42.39728398062456,41.69368705973197,97.18581320962645,72.00341192116107,0.021615895878446804,0.009500351369948278,0.3992997192313178,2.465545451152792,25.18240128846537
164,0.9219496846199036,"(26, 81, 191, 404)",138.82573849445956,141.83944636056057,33.23248917988069,41.140973599306996,44.06884947249587,41.83693244601916,94.85832372871525,72.43358634574552,0.019577229268718774,0.009477860899535178,0.39704791601535605,3.013707866101015,22.424737382969724
165,0.9213811755180359,"(26, 83, 191, 404)",138.20135924042742,140.44129520243925,33.52435968017027,41.17296472925833,44.94652812836343,41.15819582401097,95.58201601863533,71.46873215365548,0.020670231822965457,0.008421909408375474,0.3984684875639784,2.2399359620118275,24.11328386497985
166,0.922201931476593,"(26, 85, 192, 404)",137.28669206901327,139.77950086089595,34.27352159600772,40.7945113410751,44.27854954627524,40.980871250079964,93.63217700952958,71.72027566968893,0.021129389631246248,0.009546513261294442,0.39807909591109214,2.4928087918826805,21.911901339840654
167,0.9221219420433044,"(26, 86, 192, 404)",137.8638955772432,139.49631113935604,33.99998535491426,40.35635394459269,44.47570700303658,40.99338776873872,93.39238537994652,71.356233803226,0.02271304200994326,0.009775166453383636,0.3991664502972632,1.6324155621128398,22.036151576720513
168,0.9234672784805298,"(26, 87, 192, 404)",137.86855936722552,139.44826258808902,33.428095552438805,40.022273644331875,44.25966749157053,41.06765272881933,92.3686123197669,70.75412131211581,0.021543655430212333,0.009641230755544065,0.40053762140586713,1.5797032208635073,21.614491007651083
169,0.9249480366706848,"(26, 88, 193, 402)",133.10511833475465,138.59013698127623,30.815968945413488,39.45727651630578,43.58296108560479,40.57258802850325,91.27017393111483,70.06744618356659,0.023536497862334308,0.010711648827339873,0.40196132155676084,5.485018646521581,21.202727747548238
170,0.9255029559135437,"(26, 89, 192, 402)",133.21058498977828,137.79872870338946,30.42768159839886,39.42961419891193,43.57604899102225,40.198100882500285,90.2934124464116,70.45279955480937,0.02219132598211094,0.008198093205076406,0.4056083152026936,4.588143713611174,19.84061289160222
171,0.9278165102005005,"(26, 90, 192, 402)",133.07115475799785,137.0238215664665,30.6543658559817,39.64087346914802,42.971426380162846,39.97053586902648,89.32982558639888,70.4284410761271,0.021791542268947722,0.008375496254412314,0.4079789840943994,3.952666808468649,18.901384510271782
172,0.9289245009422302,"(25, 91, 192, 402)",133.84944430250678,135.86658673268488,30.7242399794677,39.01854025916079,42.80779361342162,39.74127074436057,88.11738366143197,69.8799905830603,0.021808281740589106,0.01026890706746939,0.4085701283823673,2.0171424301780974,18.237393078371667
173,0.9305013418197632,"(25, 92, 192, 402)",136.2367341822457,134.59203437302418,31.505732105697216,39.052084762555836,43.27833913286493,39.54838242769275,88.71875044160892,70.07465178144899,0.023198514209974905,0.01003568448822099,0.4083838674512981,1.644699809221521,18.644098660159926
174,0.9310436248779297,"(25, 92, 193, 403)",136.54011206990717,134.48030174865207,31.669395486493766,39.168366576581256,41.98569935314158,39.505045835664944,85.97156642916154,70.36452533039039,0.022990871320735844,0.009759266806471111,0.405306388980051,2.0598103212550996,15.607041098771148
175,0.9316438436508179,"(25, 92, 192, 402)",138.16740354996318,135.62859502512543,30.602099189497096,39.6312518764985,43.27997865151143,39.20471306872127,94.71543080121006,70.03258750315888,0.026191586705372163,0.013691325400866499,0.4093819274882802,2.538808524837748,24.682843298051182
176,0.9317275881767273,"(25, 93, 193, 403)",137.73767087664947,135.32014584702503,30.581450230389187,39.60387187825582,42.57348225589183,39.14076728003385,91.9458423980501,70.16311889061839,0.026130372949349282,0.012866379313566441,0.40778804427852866,2.417525029624443,21.78272350743171
177,0.931681215763092,"(25, 93, 193, 402)",137.03345464867013,135.1831441386355,30.517741875072698,39.49217794292054,42.96946591380465,38.99667664442743,92.14580088036517,70.39591105981314,0.02772225185427002,0.013510983682504236,0.40850683493020873,1.8503105100346318,21.749889820552028
178,0.9311738610267639,"(25, 93, 193, 402)",137.67179350753156,135.32656570285508,30.386446208082127,39.260455185449956,43.01668658362908,38.99300356289277,92.01349299281205,70.51315832063489,0.0287457903833751,0.014424438524382976,0.40871775263813426,2.345227804676483,21.50033467217716
179,0.931262731552124,"(25, 93, 193, 402)",137.48652971058434,135.22791365699598,30.234492747179686,39.10874046672844,43.05198398099286,38.92832162547377,92.15613598998218,70.59900016699908,0.029443299391319296,0.014963484814721876,0.40928968072845917,2.258616053588355,21.5571358229831
180,0.9312555193901062,"(25, 93, 193, 402)",137.6054311283103,135.46041705867208,30.02950548577002,39.0645452555416,43.033652584316435,38.85606499599676,92.33654960803352,70.7393231543968,0.02986122832444827,0.015764778598196225,0.4102647770141477,2.145014069638222,21.597226453636722
181,0.9312700033187866,"(25, 93, 193, 402)",137.99480268323057,135.87915716470224,29.94921962802249,39.074380867321366,42.96901081591204,38.8306970580401,92.32297547099974,70.8381256448283,0.030160767284268666,0.016522752818998666,0.41109651021848476,2.115645518528339,21.48484982617144
182,0.9314550757408142,"(25, 93, 193, 402)",138.30826650302006,136.58278167477505,29.940445744536433,39.07601427589092,42.89713434563718,38.840669582161254,92.2048916056892,70.73332676507454,0.030326623587480585,0.017120342946374458,0.4116709401106634,1.7254848282450155,21.47156484061466
183,0.9314855933189392,"(25, 93, 193, 402)",138.37974469090568,137.15903273069029,29.85494691322669,39.07829179134366,42.95378246121357,38.90200577618273,92.39157181071134,70.66018226064935,0.030544419692250017,0.018253126701847408,0.4124011396328389,1.2207119602153966,21.73138955006199
184,0.9307996034622192,"(25, 92, 193, 402)",137.8915606327905,136.8753307891753,29.86813776208489,39.15089042059574,44.418839191792024,38.82993502461298,97.34911503120682,70.72904230362694,0.03132781299086599,0.019946429102352132,0.4122513532383505,1.0162298436151787,26.62007272757988
185,0.930270254611969,"(25, 92, 193, 402)",137.6174204614819,136.53558428523326,29.734664950282422,39.18533140618986,45.06167653377628,38.885770599846296,100.48314316191173,70.55477522746932,0.031812690520054435,0.02138871887237928,0.412856920263665,1.0818361762486575,29.928367934442406
186,0.9306173324584961,"(25, 92, 193, 402)",137.5828078495362,136.2407613792675,29.725113920509155,39.17285605793364,44.894538972176655,38.94428633963418,99.79187695521938,70.5167372685268,0.03179135347719456,0.02176275196015962,0.4129845874928093,1.3420464702687127,29.275139686692583
187,0.9311509132385254,"(25, 91, 193, 403)",138.01703580022883,135.90691455927472,30.650103913901997,39.306968812439905,44.39748689777347,39.11471177872874,98.40872576866948,70.60715004153737,0.030645801264404318,0.020039956873509755,0.4109461648348241,2.1101212409541006,27.801575727132118
188,0.9307949542999268,"(25, 91, 193, 403)",137.42851560269548,135.90536557159206,30.130491057477386,39.290649212784075,44.07048968505367,39.07069947748095,96.85973912278551,70.04764257555361,0.030742814754335948,0.020692908613821184,0.41109862126015256,1.5231500311034267,26.812096547231903
189,0.9305878281593323,"(25, 91, 193, 403)",138.1210944313294,135.86438703064186,30.299182831062705,39.3096526009571,43.80426679061429,39.07300708188798,95.52598385073915,69.79332410908415,0.030298654319953166,0.020798050993567994,0.411494641512573,2.2567074006875316,25.732659741655
190,0.9305882453918457,"(25, 91, 193, 403)",138.7521501686397,135.66798574792773,30.46177657430968,39.29042328065815,43.56693319958527,39.07904799147548,94.01783162602015,69.58984047670997,0.029369563366901507,0.020262988191696897,0.4117194398357545,3.0841644207119714,24.427991149310188
191,0.9302700757980347,"(25, 91, 193, 403)",139.25366003597503,135.67041698895986,30.544232666991025,39.283963542994705,43.42466143136689,39.097939261303644,92.90337084872145,69.4230986645439,0.02845443069259829,0.019491972716732694,0.41170409068297875,3.5832430470151735,23.48027218417755
192,0.9301260709762573,"(25, 90, 193, 403)",137.12506103133617,134.64945805919075,30.50406543392368,39.24894998238466,44.77421267325167,39.31230082413014,95.03879776371365,69.25501522298535,0.028283639086488652,0.020662864806240886,0.4114903803257282,2.475602972145424,25.783782540728296
